[2026-06-04 18:22:34,299] INFO api.apps: Warehouse dashboard API initialized
[2026-06-04 18:22:38,201] INFO api.apps: Warehouse dashboard API initialized
[2026-06-04 18:22:38,876] INFO api.apps: Warehouse dashboard API initialized
[2026-06-04 18:22:38,904] INFO django.utils.autoreload: Watching for file changes with StatReloader
[2026-06-04 18:24:49,709] INFO django.server: "GET /api/deliveries/ HTTP/1.1" 200 2
[2026-06-04 18:24:49,709] INFO django.server: "GET /api/tasks/ HTTP/1.1" 200 2
[2026-06-04 18:24:49,709] INFO django.server: "GET /api/day-notes/ HTTP/1.1" 200 2
[2026-06-04 18:24:49,721] INFO django.server: "GET /api/deliveries/ HTTP/1.1" 200 2
[2026-06-04 18:24:49,721] INFO django.server: "GET /api/day-notes/ HTTP/1.1" 200 2
[2026-06-04 18:24:49,723] INFO django.server: "GET /api/tasks/ HTTP/1.1" 200 2
[2026-06-04 18:27:50,591] INFO django.server: "GET /api/deliveries/ HTTP/1.1" 200 2
[2026-06-04 18:27:50,591] INFO django.server: "GET /api/day-notes/ HTTP/1.1" 200 2
[2026-06-04 18:27:50,591] INFO django.server: "GET /api/tasks/ HTTP/1.1" 200 2
[2026-06-04 18:28:44,388] INFO django.server: "POST /api/tasks/ HTTP/1.1" 201 463
[2026-06-04 18:28:44,407] INFO django.server: "GET /api/deliveries/ HTTP/1.1" 200 2
[2026-06-04 18:28:44,407] INFO django.server: "GET /api/day-notes/ HTTP/1.1" 200 2
[2026-06-04 18:28:44,412] INFO django.server: "GET /api/tasks/ HTTP/1.1" 200 465
[2026-06-04 18:29:52,367] INFO django.server: "GET /api/deliveries/ HTTP/1.1" 200 2
[2026-06-04 18:29:52,367] INFO django.server: "GET /api/day-notes/ HTTP/1.1" 200 2
[2026-06-04 18:29:52,367] INFO django.server: "GET /api/tasks/ HTTP/1.1" 200 465
[2026-06-04 18:29:52,378] INFO django.server: "GET /api/deliveries/ HTTP/1.1" 200 2
[2026-06-04 18:29:52,380] INFO django.server: "GET /api/day-notes/ HTTP/1.1" 200 2
[2026-06-04 18:29:52,384] INFO django.server: "GET /api/tasks/ HTTP/1.1" 200 465
[2026-06-04 18:35:23,134] INFO django.server: "POST /api/deliveries/ HTTP/1.1" 201 793
[2026-06-04 18:35:23,154] INFO django.server: "POST /api/delivery-attachments/ HTTP/1.1" 201 204
[2026-06-04 18:35:23,177] INFO django.server: "POST /api/delivery-attachments/ HTTP/1.1" 201 186
[2026-06-04 18:35:23,196] INFO django.server: "POST /api/delivery-attachments/ HTTP/1.1" 201 182
[2026-06-04 18:35:23,220] INFO django.server: "POST /api/box-attachments/ HTTP/1.1" 201 202
[2026-06-04 18:35:23,243] INFO django.server: "GET /api/day-notes/ HTTP/1.1" 200 2
[2026-06-04 18:35:23,243] INFO django.server: "GET /api/tasks/ HTTP/1.1" 200 465
[2026-06-04 18:35:23,250] INFO django.server: "GET /api/deliveries/ HTTP/1.1" 200 1571
[2026-06-04 18:35:23,411] INFO django.server: "GET /media/courier_attachments/2026/06/04/Figure_3.png HTTP/1.1" 200 176794
[2026-06-04 18:35:23,476] INFO django.server: "GET /media/courier_attachments/2026/06/04/12erq3fwde.png HTTP/1.1" 200 765684
[2026-06-04 18:35:23,487] INFO django.server: "GET /media/courier_attachments/2026/06/04/IMG-20260602-WA0002.jpg HTTP/1.1" 200 369907
[2026-06-04 18:35:23,497] INFO django.server: "GET /media/courier_box_attachments/2026/06/04/art002e009301large.jpg HTTP/1.1" 200 75677
[2026-06-04 18:35:46,301] INFO django.server: "PATCH /api/tasks/1/ HTTP/1.1" 200 471
[2026-06-04 18:35:46,321] INFO django.server: "GET /api/day-notes/ HTTP/1.1" 200 2
[2026-06-04 18:35:46,327] INFO django.server: "GET /api/tasks/ HTTP/1.1" 200 473
[2026-06-04 18:35:46,331] INFO django.server: "GET /api/deliveries/ HTTP/1.1" 200 1571
[2026-06-04 18:40:50,016] INFO django.server: "GET /api/day-notes/ HTTP/1.1" 200 2
[2026-06-04 18:40:50,024] INFO django.server: "GET /api/tasks/ HTTP/1.1" 200 473
[2026-06-04 18:40:50,033] INFO django.server: "GET /api/day-notes/ HTTP/1.1" 200 2
[2026-06-04 18:40:50,035] INFO django.server: "GET /api/deliveries/ HTTP/1.1" 200 1571
[2026-06-04 18:40:50,043] INFO django.server: "GET /api/tasks/ HTTP/1.1" 200 473
[2026-06-04 18:40:50,052] INFO django.server: "GET /api/deliveries/ HTTP/1.1" 200 1571
[2026-06-04 18:43:57,493] INFO django.server: "GET /media/courier_box_attachments/2026/06/04/art002e009301large.jpg HTTP/1.1" 304 0
[2026-06-04 18:43:57,496] INFO django.server: "GET /media/courier_attachments/2026/06/04/Figure_3.png HTTP/1.1" 304 0
[2026-06-04 18:43:57,496] INFO django.server: "GET /media/courier_attachments/2026/06/04/12erq3fwde.png HTTP/1.1" 304 0
[2026-06-04 18:43:57,497] INFO django.server: "GET /media/courier_attachments/2026/06/04/IMG-20260602-WA0002.jpg HTTP/1.1" 304 0
[2026-06-04 19:16:16,237] INFO api.apps: Warehouse dashboard API initialized
[2026-06-04 19:16:20,068] INFO api.apps: Warehouse dashboard API initialized
[2026-06-04 19:16:20,657] INFO api.apps: Warehouse dashboard API initialized
[2026-06-04 19:16:20,679] INFO django.utils.autoreload: Watching for file changes with StatReloader
[2026-06-04 19:18:45,666] INFO api.apps: Warehouse dashboard API initialized
[2026-06-04 19:18:46,410] INFO api.apps: Warehouse dashboard API initialized
[2026-06-04 19:18:46,890] INFO api.apps: Warehouse dashboard API initialized
[2026-06-04 19:18:46,910] INFO django.utils.autoreload: Watching for file changes with StatReloader
[2026-06-04 19:18:54,853] INFO django.server: "GET /api/day-notes/ HTTP/1.1" 200 2
[2026-06-04 19:18:54,870] INFO django.server: "GET /api/day-notes/ HTTP/1.1" 200 2
[2026-06-04 19:18:54,906] INFO django.server: "GET /api/tasks/ HTTP/1.1" 200 473
[2026-06-04 19:18:54,907] INFO django.server: "GET /api/deliveries/ HTTP/1.1" 200 1571
[2026-06-04 19:18:54,918] INFO django.server: "GET /api/tasks/ HTTP/1.1" 200 473
[2026-06-04 19:18:54,924] INFO django.server: "GET /api/deliveries/ HTTP/1.1" 200 1571
[2026-06-04 19:18:57,127] INFO django.server: "OPTIONS /api/onec-events/stats/ HTTP/1.1" 200 0
[2026-06-04 19:18:57,130] INFO django.server: "OPTIONS /api/onec-events/?own_lab=1&limit=300 HTTP/1.1" 200 0
[2026-06-04 19:18:57,144] INFO django.server: "OPTIONS /api/onec-events/stats/ HTTP/1.1" 200 0
[2026-06-04 19:18:57,145] INFO django.server: "OPTIONS /api/onec-events/?own_lab=1&limit=300 HTTP/1.1" 200 0
[2026-06-04 19:18:57,166] INFO django.server: "GET /api/onec-events/?own_lab=1&limit=300 HTTP/1.1" 200 2
[2026-06-04 19:18:57,173] INFO django.server: "GET /api/onec-events/?own_lab=1&limit=300 HTTP/1.1" 200 2
[2026-06-04 19:18:58,753] INFO django.server: "GET /api/onec-events/stats/ HTTP/1.1" 200 861
[2026-06-04 19:18:58,756] INFO django.server: "GET /api/onec-events/stats/ HTTP/1.1" 200 861
[2026-06-04 19:19:04,485] INFO api.onec_services: 1C import completed: batch=1 created=763 duplicates=0 invalid=0
[2026-06-04 19:19:04,491] INFO django.server: "POST /api/onec-imports/upload/ HTTP/1.1" 201 431
[2026-06-04 19:19:04,521] INFO django.server: "GET /api/onec-events/stats/ HTTP/1.1" 200 983
[2026-06-04 19:19:04,577] INFO django.server: "GET /api/onec-events/?own_lab=1&limit=300 HTTP/1.1" 200 243049
[2026-06-04 19:33:15,503] INFO api.onec_services: 1C import completed: batch=2 created=0 duplicates=763 invalid=0
[2026-06-04 19:33:15,509] INFO django.server: "POST /api/onec-imports/upload/ HTTP/1.1" 201 439
[2026-06-04 19:33:15,585] INFO django.server: "GET /api/onec-events/stats/ HTTP/1.1" 200 983
[2026-06-04 19:33:15,635] INFO django.server: "GET /api/onec-events/?own_lab=1&limit=300 HTTP/1.1" 200 243049
[2026-06-04 19:33:31,591] INFO django.server: "OPTIONS /api/onec-events/?status=transferred_from_lab&own_lab=1&limit=300 HTTP/1.1" 200 0
[2026-06-04 19:33:31,591] INFO django.server: "GET /api/onec-events/stats/ HTTP/1.1" 200 983
[2026-06-04 19:33:31,602] INFO django.server: "GET /api/onec-events/?status=transferred_from_lab&own_lab=1&limit=300 HTTP/1.1" 200 2
[2026-06-04 19:33:35,080] INFO django.server: "OPTIONS /api/onec-events/?status=accepted_warehouse&own_lab=1&limit=300 HTTP/1.1" 200 0
[2026-06-04 19:33:35,085] INFO django.server: "GET /api/onec-events/stats/ HTTP/1.1" 200 983
[2026-06-04 19:33:35,142] INFO django.server: "GET /api/onec-events/?status=accepted_warehouse&own_lab=1&limit=300 HTTP/1.1" 200 243049
[2026-06-04 19:42:08,553] INFO api.apps: Warehouse dashboard API initialized
[2026-06-04 19:45:08,378] INFO api.apps: Warehouse dashboard API initialized
[2026-06-04 19:45:20,124] INFO api.apps: Warehouse dashboard API initialized
[2026-06-04 19:45:24,795] INFO api.apps: Warehouse dashboard API initialized
[2026-06-04 19:45:32,136] INFO api.apps: Warehouse dashboard API initialized
[2026-06-04 19:45:32,571] INFO api.apps: Warehouse dashboard API initialized
[2026-06-04 19:45:32,593] INFO django.utils.autoreload: Watching for file changes with StatReloader
[2026-06-04 19:53:02,448] INFO django.server: "OPTIONS /api/tasks/ HTTP/1.1" 200 0
[2026-06-04 19:53:02,457] INFO django.server: "OPTIONS /api/day-notes/ HTTP/1.1" 200 0
[2026-06-04 19:53:02,467] INFO django.server: "OPTIONS /api/tasks/ HTTP/1.1" 200 0
[2026-06-04 19:53:02,469] INFO django.server: "OPTIONS /api/day-notes/ HTTP/1.1" 200 0
[2026-06-04 19:53:02,488] INFO django.server: "GET /api/day-notes/ HTTP/1.1" 200 2
[2026-06-04 19:53:02,493] INFO django.server: "GET /api/day-notes/ HTTP/1.1" 200 2
[2026-06-04 19:53:02,499] INFO django.server: "GET /api/deliveries/ HTTP/1.1" 200 1571
[2026-06-04 19:53:02,499] INFO django.server: "GET /api/tasks/ HTTP/1.1" 200 473
[2026-06-04 19:53:02,513] INFO django.server: "GET /api/tasks/ HTTP/1.1" 200 473
[2026-06-04 19:53:02,518] INFO django.server: "GET /api/deliveries/ HTTP/1.1" 200 1571
[2026-06-04 19:53:05,107] INFO django.server: "OPTIONS /api/onec-events/vitrines/?load_period=current_week&employee_status=accepted_warehouse&employee_period=last_7&movement_period=last_7&counterparty_period=last_30&counterparty_status=both HTTP/1.1" 200 0
[2026-06-04 19:53:05,114] INFO django.server: "OPTIONS /api/onec-events/?own_lab=1&page=1&page_size=50 HTTP/1.1" 200 0
[2026-06-04 19:53:05,120] INFO django.server: "OPTIONS /api/onec-events/vitrines/?load_period=current_week&employee_status=accepted_warehouse&employee_period=last_7&movement_period=last_7&counterparty_period=last_30&counterparty_status=both HTTP/1.1" 200 0
[2026-06-04 19:53:05,120] INFO django.server: "OPTIONS /api/onec-events/?own_lab=1&page=1&page_size=50 HTTP/1.1" 200 0
[2026-06-04 19:53:05,156] INFO django.server: "GET /api/onec-events/?own_lab=1&page=1&page_size=50 HTTP/1.1" 200 48424
[2026-06-04 19:53:05,177] INFO django.server: "GET /api/onec-events/?own_lab=1&page=1&page_size=50 HTTP/1.1" 200 48424
[2026-06-04 19:53:05,462] ERROR django.request: Internal Server Error: /api/onec-events/stats/
Traceback (most recent call last):
  File "C:\Users\User\Desktop\warehouse-dashboard\backend\.venv\lib\site-packages\django\core\handlers\exception.py", line 55, in inner
    response = get_response(request)
  File "C:\Users\User\Desktop\warehouse-dashboard\backend\.venv\lib\site-packages\django\core\handlers\base.py", line 197, in _get_response
    response = wrapped_callback(request, *callback_args, **callback_kwargs)
  File "C:\Users\User\Desktop\warehouse-dashboard\backend\.venv\lib\site-packages\django\views\decorators\csrf.py", line 65, in _view_wrapper
    return view_func(request, *args, **kwargs)
  File "C:\Users\User\Desktop\warehouse-dashboard\backend\.venv\lib\site-packages\rest_framework\viewsets.py", line 125, in view
    return self.dispatch(request, *args, **kwargs)
  File "C:\Users\User\Desktop\warehouse-dashboard\backend\.venv\lib\site-packages\rest_framework\views.py", line 515, in dispatch
    response = self.handle_exception(exc)
  File "C:\Users\User\Desktop\warehouse-dashboard\backend\.venv\lib\site-packages\rest_framework\views.py", line 475, in handle_exception
    self.raise_uncaught_exception(exc)
  File "C:\Users\User\Desktop\warehouse-dashboard\backend\.venv\lib\site-packages\rest_framework\views.py", line 486, in raise_uncaught_exception
    raise exc
  File "C:\Users\User\Desktop\warehouse-dashboard\backend\.venv\lib\site-packages\rest_framework\views.py", line 512, in dispatch
    response = handler(request, *args, **kwargs)
  File "C:\Users\User\Desktop\warehouse-dashboard\backend\api\views.py", line 296, in stats
    from .onec_services import build_onec_stats
  File "C:\Users\User\Desktop\warehouse-dashboard\backend\api\onec_services.py", line 28, in <module>
    OneCEvent.StatusCode.TRANSFERRED_TO_LAB,
  File "C:\Program Files\WindowsApps\PythonSoftwareFoundation.Python.3.10_3.10.3056.0_x64__qbz5n2kfra8p0\lib\enum.py", line 437, in __getattr__
    raise AttributeError(name) from None
AttributeError: TRANSFERRED_TO_LAB
[2026-06-04 19:53:05,463] ERROR django.request: Internal Server Error: /api/onec-events/vitrines/
Traceback (most recent call last):
  File "C:\Users\User\Desktop\warehouse-dashboard\backend\.venv\lib\site-packages\django\core\handlers\exception.py", line 55, in inner
    response = get_response(request)
  File "C:\Users\User\Desktop\warehouse-dashboard\backend\.venv\lib\site-packages\django\core\handlers\base.py", line 197, in _get_response
    response = wrapped_callback(request, *callback_args, **callback_kwargs)
  File "C:\Users\User\Desktop\warehouse-dashboard\backend\.venv\lib\site-packages\django\views\decorators\csrf.py", line 65, in _view_wrapper
    return view_func(request, *args, **kwargs)
  File "C:\Users\User\Desktop\warehouse-dashboard\backend\.venv\lib\site-packages\rest_framework\viewsets.py", line 125, in view
    return self.dispatch(request, *args, **kwargs)
  File "C:\Users\User\Desktop\warehouse-dashboard\backend\.venv\lib\site-packages\rest_framework\views.py", line 515, in dispatch
    response = self.handle_exception(exc)
  File "C:\Users\User\Desktop\warehouse-dashboard\backend\.venv\lib\site-packages\rest_framework\views.py", line 475, in handle_exception
    self.raise_uncaught_exception(exc)
  File "C:\Users\User\Desktop\warehouse-dashboard\backend\.venv\lib\site-packages\rest_framework\views.py", line 486, in raise_uncaught_exception
    raise exc
  File "C:\Users\User\Desktop\warehouse-dashboard\backend\.venv\lib\site-packages\rest_framework\views.py", line 512, in dispatch
    response = handler(request, *args, **kwargs)
  File "C:\Users\User\Desktop\warehouse-dashboard\backend\api\views.py", line 307, in vitrines
    from .onec_services import build_onec_vitrines
ImportError: cannot import name 'build_onec_vitrines' from 'api.onec_services' (C:\Users\User\Desktop\warehouse-dashboard\backend\api\onec_services.py)
[2026-06-04 19:53:05,466] ERROR django.server: "GET /api/onec-events/stats/ HTTP/1.1" 500 117561
[2026-06-04 19:53:05,468] ERROR django.server: "GET /api/onec-events/vitrines/?load_period=current_week&employee_status=accepted_warehouse&employee_period=last_7&movement_period=last_7&counterparty_period=last_30&counterparty_status=both HTTP/1.1" 500 100717
[2026-06-04 19:53:05,509] ERROR django.request: Internal Server Error: /api/onec-events/vitrines/
Traceback (most recent call last):
  File "C:\Users\User\Desktop\warehouse-dashboard\backend\.venv\lib\site-packages\django\core\handlers\exception.py", line 55, in inner
    response = get_response(request)
  File "C:\Users\User\Desktop\warehouse-dashboard\backend\.venv\lib\site-packages\django\core\handlers\base.py", line 197, in _get_response
    response = wrapped_callback(request, *callback_args, **callback_kwargs)
  File "C:\Users\User\Desktop\warehouse-dashboard\backend\.venv\lib\site-packages\django\views\decorators\csrf.py", line 65, in _view_wrapper
    return view_func(request, *args, **kwargs)
  File "C:\Users\User\Desktop\warehouse-dashboard\backend\.venv\lib\site-packages\rest_framework\viewsets.py", line 125, in view
    return self.dispatch(request, *args, **kwargs)
  File "C:\Users\User\Desktop\warehouse-dashboard\backend\.venv\lib\site-packages\rest_framework\views.py", line 515, in dispatch
    response = self.handle_exception(exc)
  File "C:\Users\User\Desktop\warehouse-dashboard\backend\.venv\lib\site-packages\rest_framework\views.py", line 475, in handle_exception
    self.raise_uncaught_exception(exc)
  File "C:\Users\User\Desktop\warehouse-dashboard\backend\.venv\lib\site-packages\rest_framework\views.py", line 486, in raise_uncaught_exception
    raise exc
  File "C:\Users\User\Desktop\warehouse-dashboard\backend\.venv\lib\site-packages\rest_framework\views.py", line 512, in dispatch
    response = handler(request, *args, **kwargs)
  File "C:\Users\User\Desktop\warehouse-dashboard\backend\api\views.py", line 307, in vitrines
    from .onec_services import build_onec_vitrines
ImportError: cannot import name 'build_onec_vitrines' from 'api.onec_services' (C:\Users\User\Desktop\warehouse-dashboard\backend\api\onec_services.py)
[2026-06-04 19:53:05,525] ERROR django.request: Internal Server Error: /api/onec-events/stats/
Traceback (most recent call last):
  File "C:\Users\User\Desktop\warehouse-dashboard\backend\.venv\lib\site-packages\django\core\handlers\exception.py", line 55, in inner
    response = get_response(request)
  File "C:\Users\User\Desktop\warehouse-dashboard\backend\.venv\lib\site-packages\django\core\handlers\base.py", line 197, in _get_response
    response = wrapped_callback(request, *callback_args, **callback_kwargs)
  File "C:\Users\User\Desktop\warehouse-dashboard\backend\.venv\lib\site-packages\django\views\decorators\csrf.py", line 65, in _view_wrapper
    return view_func(request, *args, **kwargs)
  File "C:\Users\User\Desktop\warehouse-dashboard\backend\.venv\lib\site-packages\rest_framework\viewsets.py", line 125, in view
    return self.dispatch(request, *args, **kwargs)
  File "C:\Users\User\Desktop\warehouse-dashboard\backend\.venv\lib\site-packages\rest_framework\views.py", line 515, in dispatch
    response = self.handle_exception(exc)
  File "C:\Users\User\Desktop\warehouse-dashboard\backend\.venv\lib\site-packages\rest_framework\views.py", line 475, in handle_exception
    self.raise_uncaught_exception(exc)
  File "C:\Users\User\Desktop\warehouse-dashboard\backend\.venv\lib\site-packages\rest_framework\views.py", line 486, in raise_uncaught_exception
    raise exc
  File "C:\Users\User\Desktop\warehouse-dashboard\backend\.venv\lib\site-packages\rest_framework\views.py", line 512, in dispatch
    response = handler(request, *args, **kwargs)
  File "C:\Users\User\Desktop\warehouse-dashboard\backend\api\views.py", line 296, in stats
    from .onec_services import build_onec_stats
  File "C:\Users\User\Desktop\warehouse-dashboard\backend\api\onec_services.py", line 28, in <module>
    OneCEvent.StatusCode.TRANSFERRED_TO_LAB,
  File "C:\Program Files\WindowsApps\PythonSoftwareFoundation.Python.3.10_3.10.3056.0_x64__qbz5n2kfra8p0\lib\enum.py", line 437, in __getattr__
    raise AttributeError(name) from None
AttributeError: TRANSFERRED_TO_LAB
[2026-06-04 19:53:05,526] ERROR django.server: "GET /api/onec-events/vitrines/?load_period=current_week&employee_status=accepted_warehouse&employee_period=last_7&movement_period=last_7&counterparty_period=last_30&counterparty_status=both HTTP/1.1" 500 100717
[2026-06-04 19:53:05,530] ERROR django.server: "GET /api/onec-events/stats/ HTTP/1.1" 500 117561
[2026-06-04 19:53:09,945] INFO django.server: "GET /api/tasks/ HTTP/1.1" 200 473
[2026-06-04 19:53:09,945] INFO django.server: "GET /api/day-notes/ HTTP/1.1" 200 2
[2026-06-04 19:53:09,955] INFO django.server: "GET /api/deliveries/ HTTP/1.1" 200 1571
[2026-06-04 19:53:09,957] INFO django.server: "GET /api/day-notes/ HTTP/1.1" 200 2
[2026-06-04 19:53:09,966] INFO django.server: "GET /api/deliveries/ HTTP/1.1" 200 1571
[2026-06-04 19:53:09,975] INFO django.server: "GET /api/tasks/ HTTP/1.1" 200 473
[2026-06-04 19:53:11,839] INFO django.server: "GET /media/courier_box_attachments/2026/06/04/art002e009301large.jpg HTTP/1.1" 304 0
[2026-06-04 19:53:11,839] INFO django.server: "GET /media/courier_attachments/2026/06/04/Figure_3.png HTTP/1.1" 304 0
[2026-06-04 19:53:11,839] INFO django.server: "GET /media/courier_attachments/2026/06/04/12erq3fwde.png HTTP/1.1" 304 0
[2026-06-04 19:53:11,839] INFO django.server: "GET /media/courier_attachments/2026/06/04/IMG-20260602-WA0002.jpg HTTP/1.1" 304 0
[2026-06-04 19:53:12,379] ERROR django.request: Internal Server Error: /api/onec-events/stats/
Traceback (most recent call last):
  File "C:\Users\User\Desktop\warehouse-dashboard\backend\.venv\lib\site-packages\django\core\handlers\exception.py", line 55, in inner
    response = get_response(request)
  File "C:\Users\User\Desktop\warehouse-dashboard\backend\.venv\lib\site-packages\django\core\handlers\base.py", line 197, in _get_response
    response = wrapped_callback(request, *callback_args, **callback_kwargs)
  File "C:\Users\User\Desktop\warehouse-dashboard\backend\.venv\lib\site-packages\django\views\decorators\csrf.py", line 65, in _view_wrapper
    return view_func(request, *args, **kwargs)
  File "C:\Users\User\Desktop\warehouse-dashboard\backend\.venv\lib\site-packages\rest_framework\viewsets.py", line 125, in view
    return self.dispatch(request, *args, **kwargs)
  File "C:\Users\User\Desktop\warehouse-dashboard\backend\.venv\lib\site-packages\rest_framework\views.py", line 515, in dispatch
    response = self.handle_exception(exc)
  File "C:\Users\User\Desktop\warehouse-dashboard\backend\.venv\lib\site-packages\rest_framework\views.py", line 475, in handle_exception
    self.raise_uncaught_exception(exc)
  File "C:\Users\User\Desktop\warehouse-dashboard\backend\.venv\lib\site-packages\rest_framework\views.py", line 486, in raise_uncaught_exception
    raise exc
  File "C:\Users\User\Desktop\warehouse-dashboard\backend\.venv\lib\site-packages\rest_framework\views.py", line 512, in dispatch
    response = handler(request, *args, **kwargs)
  File "C:\Users\User\Desktop\warehouse-dashboard\backend\api\views.py", line 296, in stats
    from .onec_services import build_onec_stats
  File "C:\Users\User\Desktop\warehouse-dashboard\backend\api\onec_services.py", line 28, in <module>
    OneCEvent.StatusCode.TRANSFERRED_TO_LAB,
  File "C:\Program Files\WindowsApps\PythonSoftwareFoundation.Python.3.10_3.10.3056.0_x64__qbz5n2kfra8p0\lib\enum.py", line 437, in __getattr__
    raise AttributeError(name) from None
AttributeError: TRANSFERRED_TO_LAB
[2026-06-04 19:53:12,382] INFO django.server: "GET /api/onec-events/?own_lab=1&page=1&page_size=50 HTTP/1.1" 200 48424
[2026-06-04 19:53:12,398] ERROR django.request: Internal Server Error: /api/onec-events/vitrines/
Traceback (most recent call last):
  File "C:\Users\User\Desktop\warehouse-dashboard\backend\.venv\lib\site-packages\django\core\handlers\exception.py", line 55, in inner
    response = get_response(request)
  File "C:\Users\User\Desktop\warehouse-dashboard\backend\.venv\lib\site-packages\django\core\handlers\base.py", line 197, in _get_response
    response = wrapped_callback(request, *callback_args, **callback_kwargs)
  File "C:\Users\User\Desktop\warehouse-dashboard\backend\.venv\lib\site-packages\django\views\decorators\csrf.py", line 65, in _view_wrapper
    return view_func(request, *args, **kwargs)
  File "C:\Users\User\Desktop\warehouse-dashboard\backend\.venv\lib\site-packages\rest_framework\viewsets.py", line 125, in view
    return self.dispatch(request, *args, **kwargs)
  File "C:\Users\User\Desktop\warehouse-dashboard\backend\.venv\lib\site-packages\rest_framework\views.py", line 515, in dispatch
    response = self.handle_exception(exc)
  File "C:\Users\User\Desktop\warehouse-dashboard\backend\.venv\lib\site-packages\rest_framework\views.py", line 475, in handle_exception
    self.raise_uncaught_exception(exc)
  File "C:\Users\User\Desktop\warehouse-dashboard\backend\.venv\lib\site-packages\rest_framework\views.py", line 486, in raise_uncaught_exception
    raise exc
  File "C:\Users\User\Desktop\warehouse-dashboard\backend\.venv\lib\site-packages\rest_framework\views.py", line 512, in dispatch
    response = handler(request, *args, **kwargs)
  File "C:\Users\User\Desktop\warehouse-dashboard\backend\api\views.py", line 307, in vitrines
    from .onec_services import build_onec_vitrines
  File "C:\Users\User\Desktop\warehouse-dashboard\backend\api\onec_services.py", line 28, in <module>
    OneCEvent.StatusCode.TRANSFERRED_TO_LAB,
  File "C:\Program Files\WindowsApps\PythonSoftwareFoundation.Python.3.10_3.10.3056.0_x64__qbz5n2kfra8p0\lib\enum.py", line 437, in __getattr__
    raise AttributeError(name) from None
AttributeError: TRANSFERRED_TO_LAB
[2026-06-04 19:53:12,402] ERROR django.server: "GET /api/onec-events/stats/ HTTP/1.1" 500 117561
[2026-06-04 19:53:12,411] ERROR django.server: "GET /api/onec-events/vitrines/?load_period=current_week&employee_status=accepted_warehouse&employee_period=last_7&movement_period=last_7&counterparty_period=last_30&counterparty_status=both HTTP/1.1" 500 120846
[2026-06-04 19:53:12,434] INFO django.server: "GET /api/onec-events/?own_lab=1&page=1&page_size=50 HTTP/1.1" 200 48424
[2026-06-04 19:53:12,455] ERROR django.request: Internal Server Error: /api/onec-events/stats/
Traceback (most recent call last):
  File "C:\Users\User\Desktop\warehouse-dashboard\backend\.venv\lib\site-packages\django\core\handlers\exception.py", line 55, in inner
    response = get_response(request)
  File "C:\Users\User\Desktop\warehouse-dashboard\backend\.venv\lib\site-packages\django\core\handlers\base.py", line 197, in _get_response
    response = wrapped_callback(request, *callback_args, **callback_kwargs)
  File "C:\Users\User\Desktop\warehouse-dashboard\backend\.venv\lib\site-packages\django\views\decorators\csrf.py", line 65, in _view_wrapper
    return view_func(request, *args, **kwargs)
  File "C:\Users\User\Desktop\warehouse-dashboard\backend\.venv\lib\site-packages\rest_framework\viewsets.py", line 125, in view
    return self.dispatch(request, *args, **kwargs)
  File "C:\Users\User\Desktop\warehouse-dashboard\backend\.venv\lib\site-packages\rest_framework\views.py", line 515, in dispatch
    response = self.handle_exception(exc)
  File "C:\Users\User\Desktop\warehouse-dashboard\backend\.venv\lib\site-packages\rest_framework\views.py", line 475, in handle_exception
    self.raise_uncaught_exception(exc)
  File "C:\Users\User\Desktop\warehouse-dashboard\backend\.venv\lib\site-packages\rest_framework\views.py", line 486, in raise_uncaught_exception
    raise exc
  File "C:\Users\User\Desktop\warehouse-dashboard\backend\.venv\lib\site-packages\rest_framework\views.py", line 512, in dispatch
    response = handler(request, *args, **kwargs)
  File "C:\Users\User\Desktop\warehouse-dashboard\backend\api\views.py", line 296, in stats
    from .onec_services import build_onec_stats
  File "C:\Users\User\Desktop\warehouse-dashboard\backend\api\onec_services.py", line 28, in <module>
    OneCEvent.StatusCode.TRANSFERRED_TO_LAB,
  File "C:\Program Files\WindowsApps\PythonSoftwareFoundation.Python.3.10_3.10.3056.0_x64__qbz5n2kfra8p0\lib\enum.py", line 437, in __getattr__
    raise AttributeError(name) from None
AttributeError: TRANSFERRED_TO_LAB
[2026-06-04 19:53:12,472] ERROR django.request: Internal Server Error: /api/onec-events/vitrines/
Traceback (most recent call last):
  File "C:\Users\User\Desktop\warehouse-dashboard\backend\.venv\lib\site-packages\django\core\handlers\exception.py", line 55, in inner
    response = get_response(request)
  File "C:\Users\User\Desktop\warehouse-dashboard\backend\.venv\lib\site-packages\django\core\handlers\base.py", line 197, in _get_response
    response = wrapped_callback(request, *callback_args, **callback_kwargs)
  File "C:\Users\User\Desktop\warehouse-dashboard\backend\.venv\lib\site-packages\django\views\decorators\csrf.py", line 65, in _view_wrapper
    return view_func(request, *args, **kwargs)
  File "C:\Users\User\Desktop\warehouse-dashboard\backend\.venv\lib\site-packages\rest_framework\viewsets.py", line 125, in view
    return self.dispatch(request, *args, **kwargs)
  File "C:\Users\User\Desktop\warehouse-dashboard\backend\.venv\lib\site-packages\rest_framework\views.py", line 515, in dispatch
    response = self.handle_exception(exc)
  File "C:\Users\User\Desktop\warehouse-dashboard\backend\.venv\lib\site-packages\rest_framework\views.py", line 475, in handle_exception
    self.raise_uncaught_exception(exc)
  File "C:\Users\User\Desktop\warehouse-dashboard\backend\.venv\lib\site-packages\rest_framework\views.py", line 486, in raise_uncaught_exception
    raise exc
  File "C:\Users\User\Desktop\warehouse-dashboard\backend\.venv\lib\site-packages\rest_framework\views.py", line 512, in dispatch
    response = handler(request, *args, **kwargs)
  File "C:\Users\User\Desktop\warehouse-dashboard\backend\api\views.py", line 307, in vitrines
    from .onec_services import build_onec_vitrines
  File "C:\Users\User\Desktop\warehouse-dashboard\backend\api\onec_services.py", line 28, in <module>
    OneCEvent.StatusCode.TRANSFERRED_TO_LAB,
  File "C:\Program Files\WindowsApps\PythonSoftwareFoundation.Python.3.10_3.10.3056.0_x64__qbz5n2kfra8p0\lib\enum.py", line 437, in __getattr__
    raise AttributeError(name) from None
AttributeError: TRANSFERRED_TO_LAB
[2026-06-04 19:53:12,472] ERROR django.server: "GET /api/onec-events/stats/ HTTP/1.1" 500 117561
[2026-06-04 19:53:12,472] ERROR django.server: "GET /api/onec-events/vitrines/?load_period=current_week&employee_status=accepted_warehouse&employee_period=last_7&movement_period=last_7&counterparty_period=last_30&counterparty_status=both HTTP/1.1" 500 120846
[2026-06-04 19:53:30,485] ERROR django.request: Internal Server Error: /api/onec-imports/upload/
Traceback (most recent call last):
  File "C:\Users\User\Desktop\warehouse-dashboard\backend\.venv\lib\site-packages\django\core\handlers\exception.py", line 55, in inner
    response = get_response(request)
  File "C:\Users\User\Desktop\warehouse-dashboard\backend\.venv\lib\site-packages\django\core\handlers\base.py", line 197, in _get_response
    response = wrapped_callback(request, *callback_args, **callback_kwargs)
  File "C:\Users\User\Desktop\warehouse-dashboard\backend\.venv\lib\site-packages\django\views\decorators\csrf.py", line 65, in _view_wrapper
    return view_func(request, *args, **kwargs)
  File "C:\Users\User\Desktop\warehouse-dashboard\backend\.venv\lib\site-packages\rest_framework\viewsets.py", line 125, in view
    return self.dispatch(request, *args, **kwargs)
  File "C:\Users\User\Desktop\warehouse-dashboard\backend\.venv\lib\site-packages\rest_framework\views.py", line 515, in dispatch
    response = self.handle_exception(exc)
  File "C:\Users\User\Desktop\warehouse-dashboard\backend\.venv\lib\site-packages\rest_framework\views.py", line 475, in handle_exception
    self.raise_uncaught_exception(exc)
  File "C:\Users\User\Desktop\warehouse-dashboard\backend\.venv\lib\site-packages\rest_framework\views.py", line 486, in raise_uncaught_exception
    raise exc
  File "C:\Users\User\Desktop\warehouse-dashboard\backend\.venv\lib\site-packages\rest_framework\views.py", line 512, in dispatch
    response = handler(request, *args, **kwargs)
  File "C:\Users\User\Desktop\warehouse-dashboard\backend\api\views.py", line 209, in upload
    from .onec_services import import_onec_xlsx
  File "C:\Users\User\Desktop\warehouse-dashboard\backend\api\onec_services.py", line 28, in <module>
    OneCEvent.StatusCode.TRANSFERRED_TO_LAB,
  File "C:\Program Files\WindowsApps\PythonSoftwareFoundation.Python.3.10_3.10.3056.0_x64__qbz5n2kfra8p0\lib\enum.py", line 437, in __getattr__
    raise AttributeError(name) from None
AttributeError: TRANSFERRED_TO_LAB
[2026-06-04 19:53:30,490] ERROR django.server: "POST /api/onec-imports/upload/ HTTP/1.1" 500 118433
[2026-06-04 19:54:18,453] INFO api.apps: Warehouse dashboard API initialized
[2026-06-04 19:54:19,117] INFO api.apps: Warehouse dashboard API initialized
[2026-06-04 19:54:19,578] INFO api.apps: Warehouse dashboard API initialized
[2026-06-04 19:54:19,597] INFO django.utils.autoreload: Watching for file changes with StatReloader
[2026-06-04 19:54:21,266] INFO django.server: "GET /api/day-notes/ HTTP/1.1" 200 2
[2026-06-04 19:54:21,271] INFO django.server: "GET /api/day-notes/ HTTP/1.1" 200 2
[2026-06-04 19:54:21,281] INFO django.server: "GET /api/tasks/ HTTP/1.1" 200 473
[2026-06-04 19:54:21,281] INFO django.server: "GET /api/deliveries/ HTTP/1.1" 200 1571
[2026-06-04 19:54:21,296] INFO django.server: "GET /api/tasks/ HTTP/1.1" 200 473
[2026-06-04 19:54:21,301] INFO django.server: "GET /api/deliveries/ HTTP/1.1" 200 1571
[2026-06-04 19:54:22,438] INFO django.server: "GET /api/day-notes/ HTTP/1.1" 200 2
[2026-06-04 19:54:22,450] INFO django.server: "GET /api/day-notes/ HTTP/1.1" 200 2
[2026-06-04 19:54:22,465] INFO django.server: "GET /api/tasks/ HTTP/1.1" 200 473
[2026-06-04 19:54:22,466] INFO django.server: "GET /api/deliveries/ HTTP/1.1" 200 1571
[2026-06-04 19:54:22,479] INFO django.server: "GET /api/tasks/ HTTP/1.1" 200 473
[2026-06-04 19:54:22,486] INFO django.server: "GET /api/deliveries/ HTTP/1.1" 200 1571
[2026-06-04 19:54:23,796] INFO django.server: "GET /api/onec-events/?own_lab=1&page=1&page_size=50 HTTP/1.1" 200 48424
[2026-06-04 19:54:23,812] INFO django.server: "GET /api/onec-events/?own_lab=1&page=1&page_size=50 HTTP/1.1" 200 48424
[2026-06-04 19:54:24,058] ERROR django.request: Internal Server Error: /api/onec-events/stats/
Traceback (most recent call last):
  File "C:\Users\User\Desktop\warehouse-dashboard\backend\.venv\lib\site-packages\django\core\handlers\exception.py", line 55, in inner
    response = get_response(request)
  File "C:\Users\User\Desktop\warehouse-dashboard\backend\.venv\lib\site-packages\django\core\handlers\base.py", line 197, in _get_response
    response = wrapped_callback(request, *callback_args, **callback_kwargs)
  File "C:\Users\User\Desktop\warehouse-dashboard\backend\.venv\lib\site-packages\django\views\decorators\csrf.py", line 65, in _view_wrapper
    return view_func(request, *args, **kwargs)
  File "C:\Users\User\Desktop\warehouse-dashboard\backend\.venv\lib\site-packages\rest_framework\viewsets.py", line 125, in view
    return self.dispatch(request, *args, **kwargs)
  File "C:\Users\User\Desktop\warehouse-dashboard\backend\.venv\lib\site-packages\rest_framework\views.py", line 515, in dispatch
    response = self.handle_exception(exc)
  File "C:\Users\User\Desktop\warehouse-dashboard\backend\.venv\lib\site-packages\rest_framework\views.py", line 475, in handle_exception
    self.raise_uncaught_exception(exc)
  File "C:\Users\User\Desktop\warehouse-dashboard\backend\.venv\lib\site-packages\rest_framework\views.py", line 486, in raise_uncaught_exception
    raise exc
  File "C:\Users\User\Desktop\warehouse-dashboard\backend\.venv\lib\site-packages\rest_framework\views.py", line 512, in dispatch
    response = handler(request, *args, **kwargs)
  File "C:\Users\User\Desktop\warehouse-dashboard\backend\api\views.py", line 296, in stats
    from .onec_services import build_onec_stats
  File "C:\Users\User\Desktop\warehouse-dashboard\backend\api\onec_services.py", line 28, in <module>
    OneCEvent.StatusCode.TRANSFERRED_TO_LAB,
  File "C:\Program Files\WindowsApps\PythonSoftwareFoundation.Python.3.10_3.10.3056.0_x64__qbz5n2kfra8p0\lib\enum.py", line 437, in __getattr__
    raise AttributeError(name) from None
AttributeError: TRANSFERRED_TO_LAB
[2026-06-04 19:54:24,058] ERROR django.request: Internal Server Error: /api/onec-events/vitrines/
Traceback (most recent call last):
  File "C:\Users\User\Desktop\warehouse-dashboard\backend\.venv\lib\site-packages\django\core\handlers\exception.py", line 55, in inner
    response = get_response(request)
  File "C:\Users\User\Desktop\warehouse-dashboard\backend\.venv\lib\site-packages\django\core\handlers\base.py", line 197, in _get_response
    response = wrapped_callback(request, *callback_args, **callback_kwargs)
  File "C:\Users\User\Desktop\warehouse-dashboard\backend\.venv\lib\site-packages\django\views\decorators\csrf.py", line 65, in _view_wrapper
    return view_func(request, *args, **kwargs)
  File "C:\Users\User\Desktop\warehouse-dashboard\backend\.venv\lib\site-packages\rest_framework\viewsets.py", line 125, in view
    return self.dispatch(request, *args, **kwargs)
  File "C:\Users\User\Desktop\warehouse-dashboard\backend\.venv\lib\site-packages\rest_framework\views.py", line 515, in dispatch
    response = self.handle_exception(exc)
  File "C:\Users\User\Desktop\warehouse-dashboard\backend\.venv\lib\site-packages\rest_framework\views.py", line 475, in handle_exception
    self.raise_uncaught_exception(exc)
  File "C:\Users\User\Desktop\warehouse-dashboard\backend\.venv\lib\site-packages\rest_framework\views.py", line 486, in raise_uncaught_exception
    raise exc
  File "C:\Users\User\Desktop\warehouse-dashboard\backend\.venv\lib\site-packages\rest_framework\views.py", line 512, in dispatch
    response = handler(request, *args, **kwargs)
  File "C:\Users\User\Desktop\warehouse-dashboard\backend\api\views.py", line 307, in vitrines
    from .onec_services import build_onec_vitrines
  File "C:\Users\User\Desktop\warehouse-dashboard\backend\api\onec_services.py", line 28, in <module>
    OneCEvent.StatusCode.TRANSFERRED_TO_LAB,
  File "C:\Program Files\WindowsApps\PythonSoftwareFoundation.Python.3.10_3.10.3056.0_x64__qbz5n2kfra8p0\lib\enum.py", line 437, in __getattr__
    raise AttributeError(name) from None
AttributeError: TRANSFERRED_TO_LAB
[2026-06-04 19:54:24,062] ERROR django.server: "GET /api/onec-events/stats/ HTTP/1.1" 500 115411
[2026-06-04 19:54:24,071] ERROR django.server: "GET /api/onec-events/vitrines/?load_period=current_week&employee_status=accepted_warehouse&employee_period=last_7&movement_period=last_7&counterparty_period=last_30&counterparty_status=both HTTP/1.1" 500 118696
[2026-06-04 19:54:24,097] ERROR django.request: Internal Server Error: /api/onec-events/stats/
Traceback (most recent call last):
  File "C:\Users\User\Desktop\warehouse-dashboard\backend\.venv\lib\site-packages\django\core\handlers\exception.py", line 55, in inner
    response = get_response(request)
  File "C:\Users\User\Desktop\warehouse-dashboard\backend\.venv\lib\site-packages\django\core\handlers\base.py", line 197, in _get_response
    response = wrapped_callback(request, *callback_args, **callback_kwargs)
  File "C:\Users\User\Desktop\warehouse-dashboard\backend\.venv\lib\site-packages\django\views\decorators\csrf.py", line 65, in _view_wrapper
    return view_func(request, *args, **kwargs)
  File "C:\Users\User\Desktop\warehouse-dashboard\backend\.venv\lib\site-packages\rest_framework\viewsets.py", line 125, in view
    return self.dispatch(request, *args, **kwargs)
  File "C:\Users\User\Desktop\warehouse-dashboard\backend\.venv\lib\site-packages\rest_framework\views.py", line 515, in dispatch
    response = self.handle_exception(exc)
  File "C:\Users\User\Desktop\warehouse-dashboard\backend\.venv\lib\site-packages\rest_framework\views.py", line 475, in handle_exception
    self.raise_uncaught_exception(exc)
  File "C:\Users\User\Desktop\warehouse-dashboard\backend\.venv\lib\site-packages\rest_framework\views.py", line 486, in raise_uncaught_exception
    raise exc
  File "C:\Users\User\Desktop\warehouse-dashboard\backend\.venv\lib\site-packages\rest_framework\views.py", line 512, in dispatch
    response = handler(request, *args, **kwargs)
  File "C:\Users\User\Desktop\warehouse-dashboard\backend\api\views.py", line 296, in stats
    from .onec_services import build_onec_stats
  File "C:\Users\User\Desktop\warehouse-dashboard\backend\api\onec_services.py", line 28, in <module>
    OneCEvent.StatusCode.TRANSFERRED_TO_LAB,
  File "C:\Program Files\WindowsApps\PythonSoftwareFoundation.Python.3.10_3.10.3056.0_x64__qbz5n2kfra8p0\lib\enum.py", line 437, in __getattr__
    raise AttributeError(name) from None
AttributeError: TRANSFERRED_TO_LAB
[2026-06-04 19:54:24,112] ERROR django.request: Internal Server Error: /api/onec-events/vitrines/
Traceback (most recent call last):
  File "C:\Users\User\Desktop\warehouse-dashboard\backend\.venv\lib\site-packages\django\core\handlers\exception.py", line 55, in inner
    response = get_response(request)
  File "C:\Users\User\Desktop\warehouse-dashboard\backend\.venv\lib\site-packages\django\core\handlers\base.py", line 197, in _get_response
    response = wrapped_callback(request, *callback_args, **callback_kwargs)
  File "C:\Users\User\Desktop\warehouse-dashboard\backend\.venv\lib\site-packages\django\views\decorators\csrf.py", line 65, in _view_wrapper
    return view_func(request, *args, **kwargs)
  File "C:\Users\User\Desktop\warehouse-dashboard\backend\.venv\lib\site-packages\rest_framework\viewsets.py", line 125, in view
    return self.dispatch(request, *args, **kwargs)
  File "C:\Users\User\Desktop\warehouse-dashboard\backend\.venv\lib\site-packages\rest_framework\views.py", line 515, in dispatch
    response = self.handle_exception(exc)
  File "C:\Users\User\Desktop\warehouse-dashboard\backend\.venv\lib\site-packages\rest_framework\views.py", line 475, in handle_exception
    self.raise_uncaught_exception(exc)
  File "C:\Users\User\Desktop\warehouse-dashboard\backend\.venv\lib\site-packages\rest_framework\views.py", line 486, in raise_uncaught_exception
    raise exc
  File "C:\Users\User\Desktop\warehouse-dashboard\backend\.venv\lib\site-packages\rest_framework\views.py", line 512, in dispatch
    response = handler(request, *args, **kwargs)
  File "C:\Users\User\Desktop\warehouse-dashboard\backend\api\views.py", line 307, in vitrines
    from .onec_services import build_onec_vitrines
  File "C:\Users\User\Desktop\warehouse-dashboard\backend\api\onec_services.py", line 28, in <module>
    OneCEvent.StatusCode.TRANSFERRED_TO_LAB,
  File "C:\Program Files\WindowsApps\PythonSoftwareFoundation.Python.3.10_3.10.3056.0_x64__qbz5n2kfra8p0\lib\enum.py", line 437, in __getattr__
    raise AttributeError(name) from None
AttributeError: TRANSFERRED_TO_LAB
[2026-06-04 19:54:24,118] ERROR django.server: "GET /api/onec-events/stats/ HTTP/1.1" 500 115411
[2026-06-04 19:54:24,119] ERROR django.server: "GET /api/onec-events/vitrines/?load_period=current_week&employee_status=accepted_warehouse&employee_period=last_7&movement_period=last_7&counterparty_period=last_30&counterparty_status=both HTTP/1.1" 500 118696
[2026-06-04 19:54:38,364] ERROR django.request: Internal Server Error: /api/onec-events/stats/
Traceback (most recent call last):
  File "C:\Users\User\Desktop\warehouse-dashboard\backend\.venv\lib\site-packages\django\core\handlers\exception.py", line 55, in inner
    response = get_response(request)
  File "C:\Users\User\Desktop\warehouse-dashboard\backend\.venv\lib\site-packages\django\core\handlers\base.py", line 197, in _get_response
    response = wrapped_callback(request, *callback_args, **callback_kwargs)
  File "C:\Users\User\Desktop\warehouse-dashboard\backend\.venv\lib\site-packages\django\views\decorators\csrf.py", line 65, in _view_wrapper
    return view_func(request, *args, **kwargs)
  File "C:\Users\User\Desktop\warehouse-dashboard\backend\.venv\lib\site-packages\rest_framework\viewsets.py", line 125, in view
    return self.dispatch(request, *args, **kwargs)
  File "C:\Users\User\Desktop\warehouse-dashboard\backend\.venv\lib\site-packages\rest_framework\views.py", line 515, in dispatch
    response = self.handle_exception(exc)
  File "C:\Users\User\Desktop\warehouse-dashboard\backend\.venv\lib\site-packages\rest_framework\views.py", line 475, in handle_exception
    self.raise_uncaught_exception(exc)
  File "C:\Users\User\Desktop\warehouse-dashboard\backend\.venv\lib\site-packages\rest_framework\views.py", line 486, in raise_uncaught_exception
    raise exc
  File "C:\Users\User\Desktop\warehouse-dashboard\backend\.venv\lib\site-packages\rest_framework\views.py", line 512, in dispatch
    response = handler(request, *args, **kwargs)
  File "C:\Users\User\Desktop\warehouse-dashboard\backend\api\views.py", line 296, in stats
    from .onec_services import build_onec_stats
  File "C:\Users\User\Desktop\warehouse-dashboard\backend\api\onec_services.py", line 28, in <module>
    OneCEvent.StatusCode.TRANSFERRED_TO_LAB,
  File "C:\Program Files\WindowsApps\PythonSoftwareFoundation.Python.3.10_3.10.3056.0_x64__qbz5n2kfra8p0\lib\enum.py", line 437, in __getattr__
    raise AttributeError(name) from None
AttributeError: TRANSFERRED_TO_LAB
[2026-06-04 19:54:38,397] ERROR django.request: Internal Server Error: /api/onec-events/vitrines/
Traceback (most recent call last):
  File "C:\Users\User\Desktop\warehouse-dashboard\backend\.venv\lib\site-packages\django\core\handlers\exception.py", line 55, in inner
    response = get_response(request)
  File "C:\Users\User\Desktop\warehouse-dashboard\backend\.venv\lib\site-packages\django\core\handlers\base.py", line 197, in _get_response
    response = wrapped_callback(request, *callback_args, **callback_kwargs)
  File "C:\Users\User\Desktop\warehouse-dashboard\backend\.venv\lib\site-packages\django\views\decorators\csrf.py", line 65, in _view_wrapper
    return view_func(request, *args, **kwargs)
  File "C:\Users\User\Desktop\warehouse-dashboard\backend\.venv\lib\site-packages\rest_framework\viewsets.py", line 125, in view
    return self.dispatch(request, *args, **kwargs)
  File "C:\Users\User\Desktop\warehouse-dashboard\backend\.venv\lib\site-packages\rest_framework\views.py", line 515, in dispatch
    response = self.handle_exception(exc)
  File "C:\Users\User\Desktop\warehouse-dashboard\backend\.venv\lib\site-packages\rest_framework\views.py", line 475, in handle_exception
    self.raise_uncaught_exception(exc)
  File "C:\Users\User\Desktop\warehouse-dashboard\backend\.venv\lib\site-packages\rest_framework\views.py", line 486, in raise_uncaught_exception
    raise exc
  File "C:\Users\User\Desktop\warehouse-dashboard\backend\.venv\lib\site-packages\rest_framework\views.py", line 512, in dispatch
    response = handler(request, *args, **kwargs)
  File "C:\Users\User\Desktop\warehouse-dashboard\backend\api\views.py", line 307, in vitrines
    from .onec_services import build_onec_vitrines
  File "C:\Users\User\Desktop\warehouse-dashboard\backend\api\onec_services.py", line 28, in <module>
    OneCEvent.StatusCode.TRANSFERRED_TO_LAB,
  File "C:\Program Files\WindowsApps\PythonSoftwareFoundation.Python.3.10_3.10.3056.0_x64__qbz5n2kfra8p0\lib\enum.py", line 437, in __getattr__
    raise AttributeError(name) from None
AttributeError: TRANSFERRED_TO_LAB
[2026-06-04 19:54:38,397] INFO django.server: "GET /api/onec-events/?own_lab=1&page=1&page_size=50 HTTP/1.1" 200 48424
[2026-06-04 19:54:38,398] ERROR django.server: "GET /api/onec-events/stats/ HTTP/1.1" 500 115411
[2026-06-04 19:54:38,400] ERROR django.server: "GET /api/onec-events/vitrines/?load_period=current_week&employee_status=accepted_warehouse&employee_period=last_7&movement_period=last_7&counterparty_period=last_30&counterparty_status=both HTTP/1.1" 500 118696
[2026-06-04 19:54:38,427] INFO django.server: "GET /api/onec-events/?own_lab=1&page=1&page_size=50 HTTP/1.1" 200 48424
[2026-06-04 19:54:38,455] ERROR django.request: Internal Server Error: /api/onec-events/vitrines/
Traceback (most recent call last):
  File "C:\Users\User\Desktop\warehouse-dashboard\backend\.venv\lib\site-packages\django\core\handlers\exception.py", line 55, in inner
    response = get_response(request)
  File "C:\Users\User\Desktop\warehouse-dashboard\backend\.venv\lib\site-packages\django\core\handlers\base.py", line 197, in _get_response
    response = wrapped_callback(request, *callback_args, **callback_kwargs)
  File "C:\Users\User\Desktop\warehouse-dashboard\backend\.venv\lib\site-packages\django\views\decorators\csrf.py", line 65, in _view_wrapper
    return view_func(request, *args, **kwargs)
  File "C:\Users\User\Desktop\warehouse-dashboard\backend\.venv\lib\site-packages\rest_framework\viewsets.py", line 125, in view
    return self.dispatch(request, *args, **kwargs)
  File "C:\Users\User\Desktop\warehouse-dashboard\backend\.venv\lib\site-packages\rest_framework\views.py", line 515, in dispatch
    response = self.handle_exception(exc)
  File "C:\Users\User\Desktop\warehouse-dashboard\backend\.venv\lib\site-packages\rest_framework\views.py", line 475, in handle_exception
    self.raise_uncaught_exception(exc)
  File "C:\Users\User\Desktop\warehouse-dashboard\backend\.venv\lib\site-packages\rest_framework\views.py", line 486, in raise_uncaught_exception
    raise exc
  File "C:\Users\User\Desktop\warehouse-dashboard\backend\.venv\lib\site-packages\rest_framework\views.py", line 512, in dispatch
    response = handler(request, *args, **kwargs)
  File "C:\Users\User\Desktop\warehouse-dashboard\backend\api\views.py", line 307, in vitrines
    from .onec_services import build_onec_vitrines
ImportError: cannot import name 'build_onec_vitrines' from 'api.onec_services' (C:\Users\User\Desktop\warehouse-dashboard\backend\api\onec_services.py)
[2026-06-04 19:54:38,472] ERROR django.request: Internal Server Error: /api/onec-events/stats/
Traceback (most recent call last):
  File "C:\Users\User\Desktop\warehouse-dashboard\backend\.venv\lib\site-packages\django\core\handlers\exception.py", line 55, in inner
    response = get_response(request)
  File "C:\Users\User\Desktop\warehouse-dashboard\backend\.venv\lib\site-packages\django\core\handlers\base.py", line 197, in _get_response
    response = wrapped_callback(request, *callback_args, **callback_kwargs)
  File "C:\Users\User\Desktop\warehouse-dashboard\backend\.venv\lib\site-packages\django\views\decorators\csrf.py", line 65, in _view_wrapper
    return view_func(request, *args, **kwargs)
  File "C:\Users\User\Desktop\warehouse-dashboard\backend\.venv\lib\site-packages\rest_framework\viewsets.py", line 125, in view
    return self.dispatch(request, *args, **kwargs)
  File "C:\Users\User\Desktop\warehouse-dashboard\backend\.venv\lib\site-packages\rest_framework\views.py", line 515, in dispatch
    response = self.handle_exception(exc)
  File "C:\Users\User\Desktop\warehouse-dashboard\backend\.venv\lib\site-packages\rest_framework\views.py", line 475, in handle_exception
    self.raise_uncaught_exception(exc)
  File "C:\Users\User\Desktop\warehouse-dashboard\backend\.venv\lib\site-packages\rest_framework\views.py", line 486, in raise_uncaught_exception
    raise exc
  File "C:\Users\User\Desktop\warehouse-dashboard\backend\.venv\lib\site-packages\rest_framework\views.py", line 512, in dispatch
    response = handler(request, *args, **kwargs)
  File "C:\Users\User\Desktop\warehouse-dashboard\backend\api\views.py", line 296, in stats
    from .onec_services import build_onec_stats
  File "C:\Users\User\Desktop\warehouse-dashboard\backend\api\onec_services.py", line 28, in <module>
    OneCEvent.StatusCode.TRANSFERRED_TO_LAB,
  File "C:\Program Files\WindowsApps\PythonSoftwareFoundation.Python.3.10_3.10.3056.0_x64__qbz5n2kfra8p0\lib\enum.py", line 437, in __getattr__
    raise AttributeError(name) from None
AttributeError: TRANSFERRED_TO_LAB
[2026-06-04 19:54:38,473] ERROR django.server: "GET /api/onec-events/vitrines/?load_period=current_week&employee_status=accepted_warehouse&employee_period=last_7&movement_period=last_7&counterparty_period=last_30&counterparty_status=both HTTP/1.1" 500 98567
[2026-06-04 19:54:38,474] ERROR django.server: "GET /api/onec-events/stats/ HTTP/1.1" 500 115411
[2026-06-04 19:56:06,029] INFO django.server: "GET /api/day-notes/ HTTP/1.1" 200 2
[2026-06-04 19:56:06,036] INFO django.server: "GET /api/deliveries/ HTTP/1.1" 200 1571
[2026-06-04 19:56:06,041] INFO django.server: "GET /api/tasks/ HTTP/1.1" 200 473
[2026-06-04 19:56:08,076] INFO django.server: "GET /api/day-notes/ HTTP/1.1" 200 2
[2026-06-04 19:56:08,080] INFO django.server: "GET /api/tasks/ HTTP/1.1" 200 473
[2026-06-04 19:56:08,088] INFO django.server: "GET /api/deliveries/ HTTP/1.1" 200 1571
[2026-06-04 19:56:08,089] INFO django.server: "GET /api/day-notes/ HTTP/1.1" 200 2
[2026-06-04 19:56:08,095] INFO django.server: "GET /api/tasks/ HTTP/1.1" 200 473
[2026-06-04 19:56:08,104] INFO django.server: "GET /api/deliveries/ HTTP/1.1" 200 1571
[2026-06-04 19:56:09,584] ERROR django.request: Internal Server Error: /api/onec-events/stats/
Traceback (most recent call last):
  File "C:\Users\User\Desktop\warehouse-dashboard\backend\.venv\lib\site-packages\django\core\handlers\exception.py", line 55, in inner
    response = get_response(request)
  File "C:\Users\User\Desktop\warehouse-dashboard\backend\.venv\lib\site-packages\django\core\handlers\base.py", line 197, in _get_response
    response = wrapped_callback(request, *callback_args, **callback_kwargs)
  File "C:\Users\User\Desktop\warehouse-dashboard\backend\.venv\lib\site-packages\django\views\decorators\csrf.py", line 65, in _view_wrapper
    return view_func(request, *args, **kwargs)
  File "C:\Users\User\Desktop\warehouse-dashboard\backend\.venv\lib\site-packages\rest_framework\viewsets.py", line 125, in view
    return self.dispatch(request, *args, **kwargs)
  File "C:\Users\User\Desktop\warehouse-dashboard\backend\.venv\lib\site-packages\rest_framework\views.py", line 515, in dispatch
    response = self.handle_exception(exc)
  File "C:\Users\User\Desktop\warehouse-dashboard\backend\.venv\lib\site-packages\rest_framework\views.py", line 475, in handle_exception
    self.raise_uncaught_exception(exc)
  File "C:\Users\User\Desktop\warehouse-dashboard\backend\.venv\lib\site-packages\rest_framework\views.py", line 486, in raise_uncaught_exception
    raise exc
  File "C:\Users\User\Desktop\warehouse-dashboard\backend\.venv\lib\site-packages\rest_framework\views.py", line 512, in dispatch
    response = handler(request, *args, **kwargs)
  File "C:\Users\User\Desktop\warehouse-dashboard\backend\api\views.py", line 296, in stats
    from .onec_services import build_onec_stats
  File "C:\Users\User\Desktop\warehouse-dashboard\backend\api\onec_services.py", line 28, in <module>
    OneCEvent.StatusCode.TRANSFERRED_TO_LAB,
  File "C:\Program Files\WindowsApps\PythonSoftwareFoundation.Python.3.10_3.10.3056.0_x64__qbz5n2kfra8p0\lib\enum.py", line 437, in __getattr__
    raise AttributeError(name) from None
AttributeError: TRANSFERRED_TO_LAB
[2026-06-04 19:56:09,596] INFO django.server: "GET /api/onec-events/?own_lab=1&page=1&page_size=50 HTTP/1.1" 200 48424
[2026-06-04 19:56:09,612] ERROR django.request: Internal Server Error: /api/onec-events/vitrines/
Traceback (most recent call last):
  File "C:\Users\User\Desktop\warehouse-dashboard\backend\.venv\lib\site-packages\django\core\handlers\exception.py", line 55, in inner
    response = get_response(request)
  File "C:\Users\User\Desktop\warehouse-dashboard\backend\.venv\lib\site-packages\django\core\handlers\base.py", line 197, in _get_response
    response = wrapped_callback(request, *callback_args, **callback_kwargs)
  File "C:\Users\User\Desktop\warehouse-dashboard\backend\.venv\lib\site-packages\django\views\decorators\csrf.py", line 65, in _view_wrapper
    return view_func(request, *args, **kwargs)
  File "C:\Users\User\Desktop\warehouse-dashboard\backend\.venv\lib\site-packages\rest_framework\viewsets.py", line 125, in view
    return self.dispatch(request, *args, **kwargs)
  File "C:\Users\User\Desktop\warehouse-dashboard\backend\.venv\lib\site-packages\rest_framework\views.py", line 515, in dispatch
    response = self.handle_exception(exc)
  File "C:\Users\User\Desktop\warehouse-dashboard\backend\.venv\lib\site-packages\rest_framework\views.py", line 475, in handle_exception
    self.raise_uncaught_exception(exc)
  File "C:\Users\User\Desktop\warehouse-dashboard\backend\.venv\lib\site-packages\rest_framework\views.py", line 486, in raise_uncaught_exception
    raise exc
  File "C:\Users\User\Desktop\warehouse-dashboard\backend\.venv\lib\site-packages\rest_framework\views.py", line 512, in dispatch
    response = handler(request, *args, **kwargs)
  File "C:\Users\User\Desktop\warehouse-dashboard\backend\api\views.py", line 307, in vitrines
    from .onec_services import build_onec_vitrines
  File "C:\Users\User\Desktop\warehouse-dashboard\backend\api\onec_services.py", line 28, in <module>
    OneCEvent.StatusCode.TRANSFERRED_TO_LAB,
  File "C:\Program Files\WindowsApps\PythonSoftwareFoundation.Python.3.10_3.10.3056.0_x64__qbz5n2kfra8p0\lib\enum.py", line 437, in __getattr__
    raise AttributeError(name) from None
AttributeError: TRANSFERRED_TO_LAB
[2026-06-04 19:56:09,612] ERROR django.server: "GET /api/onec-events/stats/ HTTP/1.1" 500 115411
[2026-06-04 19:56:09,626] ERROR django.server: "GET /api/onec-events/vitrines/?load_period=current_week&employee_status=accepted_warehouse&employee_period=last_7&movement_period=last_7&counterparty_period=last_30&counterparty_status=both HTTP/1.1" 500 118696
[2026-06-04 19:56:09,645] INFO django.server: "GET /api/onec-events/?own_lab=1&page=1&page_size=50 HTTP/1.1" 200 48424
[2026-06-04 19:56:09,667] ERROR django.request: Internal Server Error: /api/onec-events/stats/
Traceback (most recent call last):
  File "C:\Users\User\Desktop\warehouse-dashboard\backend\.venv\lib\site-packages\django\core\handlers\exception.py", line 55, in inner
    response = get_response(request)
  File "C:\Users\User\Desktop\warehouse-dashboard\backend\.venv\lib\site-packages\django\core\handlers\base.py", line 197, in _get_response
    response = wrapped_callback(request, *callback_args, **callback_kwargs)
  File "C:\Users\User\Desktop\warehouse-dashboard\backend\.venv\lib\site-packages\django\views\decorators\csrf.py", line 65, in _view_wrapper
    return view_func(request, *args, **kwargs)
  File "C:\Users\User\Desktop\warehouse-dashboard\backend\.venv\lib\site-packages\rest_framework\viewsets.py", line 125, in view
    return self.dispatch(request, *args, **kwargs)
  File "C:\Users\User\Desktop\warehouse-dashboard\backend\.venv\lib\site-packages\rest_framework\views.py", line 515, in dispatch
    response = self.handle_exception(exc)
  File "C:\Users\User\Desktop\warehouse-dashboard\backend\.venv\lib\site-packages\rest_framework\views.py", line 475, in handle_exception
    self.raise_uncaught_exception(exc)
  File "C:\Users\User\Desktop\warehouse-dashboard\backend\.venv\lib\site-packages\rest_framework\views.py", line 486, in raise_uncaught_exception
    raise exc
  File "C:\Users\User\Desktop\warehouse-dashboard\backend\.venv\lib\site-packages\rest_framework\views.py", line 512, in dispatch
    response = handler(request, *args, **kwargs)
  File "C:\Users\User\Desktop\warehouse-dashboard\backend\api\views.py", line 296, in stats
    from .onec_services import build_onec_stats
  File "C:\Users\User\Desktop\warehouse-dashboard\backend\api\onec_services.py", line 28, in <module>
    OneCEvent.StatusCode.TRANSFERRED_TO_LAB,
  File "C:\Program Files\WindowsApps\PythonSoftwareFoundation.Python.3.10_3.10.3056.0_x64__qbz5n2kfra8p0\lib\enum.py", line 437, in __getattr__
    raise AttributeError(name) from None
AttributeError: TRANSFERRED_TO_LAB
[2026-06-04 19:56:09,681] ERROR django.request: Internal Server Error: /api/onec-events/vitrines/
Traceback (most recent call last):
  File "C:\Users\User\Desktop\warehouse-dashboard\backend\.venv\lib\site-packages\django\core\handlers\exception.py", line 55, in inner
    response = get_response(request)
  File "C:\Users\User\Desktop\warehouse-dashboard\backend\.venv\lib\site-packages\django\core\handlers\base.py", line 197, in _get_response
    response = wrapped_callback(request, *callback_args, **callback_kwargs)
  File "C:\Users\User\Desktop\warehouse-dashboard\backend\.venv\lib\site-packages\django\views\decorators\csrf.py", line 65, in _view_wrapper
    return view_func(request, *args, **kwargs)
  File "C:\Users\User\Desktop\warehouse-dashboard\backend\.venv\lib\site-packages\rest_framework\viewsets.py", line 125, in view
    return self.dispatch(request, *args, **kwargs)
  File "C:\Users\User\Desktop\warehouse-dashboard\backend\.venv\lib\site-packages\rest_framework\views.py", line 515, in dispatch
    response = self.handle_exception(exc)
  File "C:\Users\User\Desktop\warehouse-dashboard\backend\.venv\lib\site-packages\rest_framework\views.py", line 475, in handle_exception
    self.raise_uncaught_exception(exc)
  File "C:\Users\User\Desktop\warehouse-dashboard\backend\.venv\lib\site-packages\rest_framework\views.py", line 486, in raise_uncaught_exception
    raise exc
  File "C:\Users\User\Desktop\warehouse-dashboard\backend\.venv\lib\site-packages\rest_framework\views.py", line 512, in dispatch
    response = handler(request, *args, **kwargs)
  File "C:\Users\User\Desktop\warehouse-dashboard\backend\api\views.py", line 307, in vitrines
    from .onec_services import build_onec_vitrines
  File "C:\Users\User\Desktop\warehouse-dashboard\backend\api\onec_services.py", line 28, in <module>
    OneCEvent.StatusCode.TRANSFERRED_TO_LAB,
  File "C:\Program Files\WindowsApps\PythonSoftwareFoundation.Python.3.10_3.10.3056.0_x64__qbz5n2kfra8p0\lib\enum.py", line 437, in __getattr__
    raise AttributeError(name) from None
AttributeError: TRANSFERRED_TO_LAB
[2026-06-04 19:56:09,686] ERROR django.server: "GET /api/onec-events/stats/ HTTP/1.1" 500 115411
[2026-06-04 19:56:09,688] ERROR django.server: "GET /api/onec-events/vitrines/?load_period=current_week&employee_status=accepted_warehouse&employee_period=last_7&movement_period=last_7&counterparty_period=last_30&counterparty_status=both HTTP/1.1" 500 118696
[2026-06-04 19:57:55,113] INFO api.apps: Warehouse dashboard API initialized
[2026-06-04 19:57:55,779] INFO api.apps: Warehouse dashboard API initialized
[2026-06-04 19:57:56,231] INFO api.apps: Warehouse dashboard API initialized
[2026-06-04 19:57:56,255] INFO django.utils.autoreload: Watching for file changes with StatReloader
[2026-06-04 19:57:57,868] INFO django.server: "GET /api/day-notes/ HTTP/1.1" 200 2
[2026-06-04 19:57:57,881] INFO django.server: "GET /api/day-notes/ HTTP/1.1" 200 2
[2026-06-04 19:57:57,897] INFO django.server: "GET /api/tasks/ HTTP/1.1" 200 473
[2026-06-04 19:57:57,897] INFO django.server: "GET /api/deliveries/ HTTP/1.1" 200 1571
[2026-06-04 19:57:57,909] INFO django.server: "GET /api/tasks/ HTTP/1.1" 200 473
[2026-06-04 19:57:57,915] INFO django.server: "GET /api/deliveries/ HTTP/1.1" 200 1571
[2026-06-04 19:57:58,790] INFO django.server: "GET /api/day-notes/ HTTP/1.1" 200 2
[2026-06-04 19:57:58,794] INFO django.server: "GET /api/tasks/ HTTP/1.1" 200 473
[2026-06-04 19:57:58,801] INFO django.server: "GET /api/deliveries/ HTTP/1.1" 200 1571
[2026-06-04 19:57:58,804] INFO django.server: "GET /api/day-notes/ HTTP/1.1" 200 2
[2026-06-04 19:57:58,811] INFO django.server: "GET /api/tasks/ HTTP/1.1" 200 473
[2026-06-04 19:57:58,818] INFO django.server: "GET /api/deliveries/ HTTP/1.1" 200 1571
[2026-06-04 19:58:00,208] INFO django.server: "GET /api/onec-events/?own_lab=1&page=1&page_size=50 HTTP/1.1" 200 48424
[2026-06-04 19:58:00,223] INFO django.server: "GET /api/onec-events/?own_lab=1&page=1&page_size=50 HTTP/1.1" 200 48424
[2026-06-04 19:58:00,484] ERROR django.request: Internal Server Error: /api/onec-events/stats/
Traceback (most recent call last):
  File "C:\Users\User\Desktop\warehouse-dashboard\backend\.venv\lib\site-packages\django\core\handlers\exception.py", line 55, in inner
    response = get_response(request)
  File "C:\Users\User\Desktop\warehouse-dashboard\backend\.venv\lib\site-packages\django\core\handlers\base.py", line 197, in _get_response
    response = wrapped_callback(request, *callback_args, **callback_kwargs)
  File "C:\Users\User\Desktop\warehouse-dashboard\backend\.venv\lib\site-packages\django\views\decorators\csrf.py", line 65, in _view_wrapper
    return view_func(request, *args, **kwargs)
  File "C:\Users\User\Desktop\warehouse-dashboard\backend\.venv\lib\site-packages\rest_framework\viewsets.py", line 125, in view
    return self.dispatch(request, *args, **kwargs)
  File "C:\Users\User\Desktop\warehouse-dashboard\backend\.venv\lib\site-packages\rest_framework\views.py", line 515, in dispatch
    response = self.handle_exception(exc)
  File "C:\Users\User\Desktop\warehouse-dashboard\backend\.venv\lib\site-packages\rest_framework\views.py", line 475, in handle_exception
    self.raise_uncaught_exception(exc)
  File "C:\Users\User\Desktop\warehouse-dashboard\backend\.venv\lib\site-packages\rest_framework\views.py", line 486, in raise_uncaught_exception
    raise exc
  File "C:\Users\User\Desktop\warehouse-dashboard\backend\.venv\lib\site-packages\rest_framework\views.py", line 512, in dispatch
    response = handler(request, *args, **kwargs)
  File "C:\Users\User\Desktop\warehouse-dashboard\backend\api\views.py", line 296, in stats
    from .onec_services import build_onec_stats
  File "C:\Users\User\Desktop\warehouse-dashboard\backend\api\onec_services.py", line 28, in <module>
    OneCEvent.StatusCode.TRANSFERRED_TO_LAB,
  File "C:\Program Files\WindowsApps\PythonSoftwareFoundation.Python.3.10_3.10.3056.0_x64__qbz5n2kfra8p0\lib\enum.py", line 437, in __getattr__
    raise AttributeError(name) from None
AttributeError: TRANSFERRED_TO_LAB
[2026-06-04 19:58:00,484] ERROR django.request: Internal Server Error: /api/onec-events/vitrines/
Traceback (most recent call last):
  File "C:\Users\User\Desktop\warehouse-dashboard\backend\.venv\lib\site-packages\django\core\handlers\exception.py", line 55, in inner
    response = get_response(request)
  File "C:\Users\User\Desktop\warehouse-dashboard\backend\.venv\lib\site-packages\django\core\handlers\base.py", line 197, in _get_response
    response = wrapped_callback(request, *callback_args, **callback_kwargs)
  File "C:\Users\User\Desktop\warehouse-dashboard\backend\.venv\lib\site-packages\django\views\decorators\csrf.py", line 65, in _view_wrapper
    return view_func(request, *args, **kwargs)
  File "C:\Users\User\Desktop\warehouse-dashboard\backend\.venv\lib\site-packages\rest_framework\viewsets.py", line 125, in view
    return self.dispatch(request, *args, **kwargs)
  File "C:\Users\User\Desktop\warehouse-dashboard\backend\.venv\lib\site-packages\rest_framework\views.py", line 515, in dispatch
    response = self.handle_exception(exc)
  File "C:\Users\User\Desktop\warehouse-dashboard\backend\.venv\lib\site-packages\rest_framework\views.py", line 475, in handle_exception
    self.raise_uncaught_exception(exc)
  File "C:\Users\User\Desktop\warehouse-dashboard\backend\.venv\lib\site-packages\rest_framework\views.py", line 486, in raise_uncaught_exception
    raise exc
  File "C:\Users\User\Desktop\warehouse-dashboard\backend\.venv\lib\site-packages\rest_framework\views.py", line 512, in dispatch
    response = handler(request, *args, **kwargs)
  File "C:\Users\User\Desktop\warehouse-dashboard\backend\api\views.py", line 307, in vitrines
    from .onec_services import build_onec_vitrines
  File "C:\Users\User\Desktop\warehouse-dashboard\backend\api\onec_services.py", line 28, in <module>
    OneCEvent.StatusCode.TRANSFERRED_TO_LAB,
  File "C:\Program Files\WindowsApps\PythonSoftwareFoundation.Python.3.10_3.10.3056.0_x64__qbz5n2kfra8p0\lib\enum.py", line 437, in __getattr__
    raise AttributeError(name) from None
AttributeError: TRANSFERRED_TO_LAB
[2026-06-04 19:58:00,487] ERROR django.server: "GET /api/onec-events/stats/ HTTP/1.1" 500 115411
[2026-06-04 19:58:00,496] ERROR django.server: "GET /api/onec-events/vitrines/?load_period=current_week&employee_status=accepted_warehouse&employee_period=last_7&movement_period=last_7&counterparty_period=last_30&counterparty_status=both HTTP/1.1" 500 118696
[2026-06-04 19:58:00,523] ERROR django.request: Internal Server Error: /api/onec-events/stats/
Traceback (most recent call last):
  File "C:\Users\User\Desktop\warehouse-dashboard\backend\.venv\lib\site-packages\django\core\handlers\exception.py", line 55, in inner
    response = get_response(request)
  File "C:\Users\User\Desktop\warehouse-dashboard\backend\.venv\lib\site-packages\django\core\handlers\base.py", line 197, in _get_response
    response = wrapped_callback(request, *callback_args, **callback_kwargs)
  File "C:\Users\User\Desktop\warehouse-dashboard\backend\.venv\lib\site-packages\django\views\decorators\csrf.py", line 65, in _view_wrapper
    return view_func(request, *args, **kwargs)
  File "C:\Users\User\Desktop\warehouse-dashboard\backend\.venv\lib\site-packages\rest_framework\viewsets.py", line 125, in view
    return self.dispatch(request, *args, **kwargs)
  File "C:\Users\User\Desktop\warehouse-dashboard\backend\.venv\lib\site-packages\rest_framework\views.py", line 515, in dispatch
    response = self.handle_exception(exc)
  File "C:\Users\User\Desktop\warehouse-dashboard\backend\.venv\lib\site-packages\rest_framework\views.py", line 475, in handle_exception
    self.raise_uncaught_exception(exc)
  File "C:\Users\User\Desktop\warehouse-dashboard\backend\.venv\lib\site-packages\rest_framework\views.py", line 486, in raise_uncaught_exception
    raise exc
  File "C:\Users\User\Desktop\warehouse-dashboard\backend\.venv\lib\site-packages\rest_framework\views.py", line 512, in dispatch
    response = handler(request, *args, **kwargs)
  File "C:\Users\User\Desktop\warehouse-dashboard\backend\api\views.py", line 296, in stats
    from .onec_services import build_onec_stats
  File "C:\Users\User\Desktop\warehouse-dashboard\backend\api\onec_services.py", line 28, in <module>
    OneCEvent.StatusCode.TRANSFERRED_TO_LAB,
  File "C:\Program Files\WindowsApps\PythonSoftwareFoundation.Python.3.10_3.10.3056.0_x64__qbz5n2kfra8p0\lib\enum.py", line 437, in __getattr__
    raise AttributeError(name) from None
AttributeError: TRANSFERRED_TO_LAB
[2026-06-04 19:58:00,541] ERROR django.request: Internal Server Error: /api/onec-events/vitrines/
Traceback (most recent call last):
  File "C:\Users\User\Desktop\warehouse-dashboard\backend\.venv\lib\site-packages\django\core\handlers\exception.py", line 55, in inner
    response = get_response(request)
  File "C:\Users\User\Desktop\warehouse-dashboard\backend\.venv\lib\site-packages\django\core\handlers\base.py", line 197, in _get_response
    response = wrapped_callback(request, *callback_args, **callback_kwargs)
  File "C:\Users\User\Desktop\warehouse-dashboard\backend\.venv\lib\site-packages\django\views\decorators\csrf.py", line 65, in _view_wrapper
    return view_func(request, *args, **kwargs)
  File "C:\Users\User\Desktop\warehouse-dashboard\backend\.venv\lib\site-packages\rest_framework\viewsets.py", line 125, in view
    return self.dispatch(request, *args, **kwargs)
  File "C:\Users\User\Desktop\warehouse-dashboard\backend\.venv\lib\site-packages\rest_framework\views.py", line 515, in dispatch
    response = self.handle_exception(exc)
  File "C:\Users\User\Desktop\warehouse-dashboard\backend\.venv\lib\site-packages\rest_framework\views.py", line 475, in handle_exception
    self.raise_uncaught_exception(exc)
  File "C:\Users\User\Desktop\warehouse-dashboard\backend\.venv\lib\site-packages\rest_framework\views.py", line 486, in raise_uncaught_exception
    raise exc
  File "C:\Users\User\Desktop\warehouse-dashboard\backend\.venv\lib\site-packages\rest_framework\views.py", line 512, in dispatch
    response = handler(request, *args, **kwargs)
  File "C:\Users\User\Desktop\warehouse-dashboard\backend\api\views.py", line 307, in vitrines
    from .onec_services import build_onec_vitrines
  File "C:\Users\User\Desktop\warehouse-dashboard\backend\api\onec_services.py", line 28, in <module>
    OneCEvent.StatusCode.TRANSFERRED_TO_LAB,
  File "C:\Program Files\WindowsApps\PythonSoftwareFoundation.Python.3.10_3.10.3056.0_x64__qbz5n2kfra8p0\lib\enum.py", line 437, in __getattr__
    raise AttributeError(name) from None
AttributeError: TRANSFERRED_TO_LAB
[2026-06-04 19:58:00,543] ERROR django.server: "GET /api/onec-events/stats/ HTTP/1.1" 500 115411
[2026-06-04 19:58:00,544] ERROR django.server: "GET /api/onec-events/vitrines/?load_period=current_week&employee_status=accepted_warehouse&employee_period=last_7&movement_period=last_7&counterparty_period=last_30&counterparty_status=both HTTP/1.1" 500 118696
[2026-06-04 20:01:10,308] INFO api.apps: Warehouse dashboard API initialized
[2026-06-04 20:01:51,934] INFO api.apps: Warehouse dashboard API initialized
[2026-06-04 20:08:25,061] INFO api.apps: Warehouse dashboard API initialized
[2026-06-04 20:08:26,013] INFO api.apps: Warehouse dashboard API initialized
[2026-06-04 20:08:26,485] INFO api.apps: Warehouse dashboard API initialized
[2026-06-04 20:08:26,506] INFO django.utils.autoreload: Watching for file changes with StatReloader
[2026-06-04 20:08:28,570] INFO django.server: "OPTIONS /api/deliveries/ HTTP/1.1" 200 0
[2026-06-04 20:08:28,587] INFO django.server: "OPTIONS /api/deliveries/ HTTP/1.1" 200 0
[2026-06-04 20:08:28,705] ERROR django.request: Internal Server Error: /api/tasks/
Traceback (most recent call last):
  File "C:\Users\User\Desktop\warehouse-dashboard\backend\.venv\lib\site-packages\django\db\backends\utils.py", line 105, in _execute
    return self.cursor.execute(sql, params)
  File "C:\Users\User\Desktop\warehouse-dashboard\backend\.venv\lib\site-packages\django\db\backends\sqlite3\base.py", line 360, in execute
    return super().execute(query, params)
sqlite3.OperationalError: no such table: api_task

The above exception was the direct cause of the following exception:

Traceback (most recent call last):
  File "C:\Users\User\Desktop\warehouse-dashboard\backend\.venv\lib\site-packages\django\core\handlers\exception.py", line 55, in inner
    response = get_response(request)
  File "C:\Users\User\Desktop\warehouse-dashboard\backend\.venv\lib\site-packages\django\core\handlers\base.py", line 197, in _get_response
    response = wrapped_callback(request, *callback_args, **callback_kwargs)
  File "C:\Users\User\Desktop\warehouse-dashboard\backend\.venv\lib\site-packages\django\views\decorators\csrf.py", line 65, in _view_wrapper
    return view_func(request, *args, **kwargs)
  File "C:\Users\User\Desktop\warehouse-dashboard\backend\.venv\lib\site-packages\rest_framework\viewsets.py", line 125, in view
    return self.dispatch(request, *args, **kwargs)
  File "C:\Users\User\Desktop\warehouse-dashboard\backend\.venv\lib\site-packages\rest_framework\views.py", line 515, in dispatch
    response = self.handle_exception(exc)
  File "C:\Users\User\Desktop\warehouse-dashboard\backend\.venv\lib\site-packages\rest_framework\views.py", line 475, in handle_exception
    self.raise_uncaught_exception(exc)
  File "C:\Users\User\Desktop\warehouse-dashboard\backend\.venv\lib\site-packages\rest_framework\views.py", line 486, in raise_uncaught_exception
    raise exc
  File "C:\Users\User\Desktop\warehouse-dashboard\backend\.venv\lib\site-packages\rest_framework\views.py", line 512, in dispatch
    response = handler(request, *args, **kwargs)
  File "C:\Users\User\Desktop\warehouse-dashboard\backend\.venv\lib\site-packages\rest_framework\mixins.py", line 46, in list
    return Response(serializer.data)
  File "C:\Users\User\Desktop\warehouse-dashboard\backend\.venv\lib\site-packages\rest_framework\serializers.py", line 809, in data
    ret = super().data
  File "C:\Users\User\Desktop\warehouse-dashboard\backend\.venv\lib\site-packages\rest_framework\serializers.py", line 251, in data
    self._data = self.to_representation(self.instance)
  File "C:\Users\User\Desktop\warehouse-dashboard\backend\.venv\lib\site-packages\rest_framework\serializers.py", line 727, in to_representation
    return [
  File "C:\Users\User\Desktop\warehouse-dashboard\backend\.venv\lib\site-packages\django\db\models\query.py", line 386, in __iter__
    self._fetch_all()
  File "C:\Users\User\Desktop\warehouse-dashboard\backend\.venv\lib\site-packages\django\db\models\query.py", line 1954, in _fetch_all
    self._result_cache = list(self._iterable_class(self))
  File "C:\Users\User\Desktop\warehouse-dashboard\backend\.venv\lib\site-packages\django\db\models\query.py", line 93, in __iter__
    results = compiler.execute_sql(
  File "C:\Users\User\Desktop\warehouse-dashboard\backend\.venv\lib\site-packages\django\db\models\sql\compiler.py", line 1623, in execute_sql
    cursor.execute(sql, params)
  File "C:\Users\User\Desktop\warehouse-dashboard\backend\.venv\lib\site-packages\django\db\backends\utils.py", line 122, in execute
    return super().execute(sql, params)
  File "C:\Users\User\Desktop\warehouse-dashboard\backend\.venv\lib\site-packages\django\db\backends\utils.py", line 79, in execute
    return self._execute_with_wrappers(
  File "C:\Users\User\Desktop\warehouse-dashboard\backend\.venv\lib\site-packages\django\db\backends\utils.py", line 92, in _execute_with_wrappers
    return executor(sql, params, many, context)
  File "C:\Users\User\Desktop\warehouse-dashboard\backend\.venv\lib\site-packages\django\db\backends\utils.py", line 100, in _execute
    with self.db.wrap_database_errors:
  File "C:\Users\User\Desktop\warehouse-dashboard\backend\.venv\lib\site-packages\django\db\utils.py", line 91, in __exit__
    raise dj_exc_value.with_traceback(traceback) from exc_value
  File "C:\Users\User\Desktop\warehouse-dashboard\backend\.venv\lib\site-packages\django\db\backends\utils.py", line 105, in _execute
    return self.cursor.execute(sql, params)
  File "C:\Users\User\Desktop\warehouse-dashboard\backend\.venv\lib\site-packages\django\db\backends\sqlite3\base.py", line 360, in execute
    return super().execute(query, params)
django.db.utils.OperationalError: no such table: api_task
[2026-06-04 20:08:28,705] ERROR django.request: Internal Server Error: /api/deliveries/
Traceback (most recent call last):
  File "C:\Users\User\Desktop\warehouse-dashboard\backend\.venv\lib\site-packages\django\db\backends\utils.py", line 105, in _execute
    return self.cursor.execute(sql, params)
  File "C:\Users\User\Desktop\warehouse-dashboard\backend\.venv\lib\site-packages\django\db\backends\sqlite3\base.py", line 360, in execute
    return super().execute(query, params)
sqlite3.OperationalError: no such table: api_courierdelivery

The above exception was the direct cause of the following exception:

Traceback (most recent call last):
  File "C:\Users\User\Desktop\warehouse-dashboard\backend\.venv\lib\site-packages\django\core\handlers\exception.py", line 55, in inner
    response = get_response(request)
  File "C:\Users\User\Desktop\warehouse-dashboard\backend\.venv\lib\site-packages\django\core\handlers\base.py", line 197, in _get_response
    response = wrapped_callback(request, *callback_args, **callback_kwargs)
  File "C:\Users\User\Desktop\warehouse-dashboard\backend\.venv\lib\site-packages\django\views\decorators\csrf.py", line 65, in _view_wrapper
    return view_func(request, *args, **kwargs)
  File "C:\Users\User\Desktop\warehouse-dashboard\backend\.venv\lib\site-packages\rest_framework\viewsets.py", line 125, in view
    return self.dispatch(request, *args, **kwargs)
  File "C:\Users\User\Desktop\warehouse-dashboard\backend\.venv\lib\site-packages\rest_framework\views.py", line 515, in dispatch
    response = self.handle_exception(exc)
  File "C:\Users\User\Desktop\warehouse-dashboard\backend\.venv\lib\site-packages\rest_framework\views.py", line 475, in handle_exception
    self.raise_uncaught_exception(exc)
  File "C:\Users\User\Desktop\warehouse-dashboard\backend\.venv\lib\site-packages\rest_framework\views.py", line 486, in raise_uncaught_exception
    raise exc
  File "C:\Users\User\Desktop\warehouse-dashboard\backend\.venv\lib\site-packages\rest_framework\views.py", line 512, in dispatch
    response = handler(request, *args, **kwargs)
  File "C:\Users\User\Desktop\warehouse-dashboard\backend\.venv\lib\site-packages\rest_framework\mixins.py", line 46, in list
    return Response(serializer.data)
  File "C:\Users\User\Desktop\warehouse-dashboard\backend\.venv\lib\site-packages\rest_framework\serializers.py", line 809, in data
    ret = super().data
  File "C:\Users\User\Desktop\warehouse-dashboard\backend\.venv\lib\site-packages\rest_framework\serializers.py", line 251, in data
    self._data = self.to_representation(self.instance)
  File "C:\Users\User\Desktop\warehouse-dashboard\backend\.venv\lib\site-packages\rest_framework\serializers.py", line 727, in to_representation
    return [
  File "C:\Users\User\Desktop\warehouse-dashboard\backend\.venv\lib\site-packages\django\db\models\query.py", line 386, in __iter__
    self._fetch_all()
  File "C:\Users\User\Desktop\warehouse-dashboard\backend\.venv\lib\site-packages\django\db\models\query.py", line 1954, in _fetch_all
    self._result_cache = list(self._iterable_class(self))
  File "C:\Users\User\Desktop\warehouse-dashboard\backend\.venv\lib\site-packages\django\db\models\query.py", line 93, in __iter__
    results = compiler.execute_sql(
  File "C:\Users\User\Desktop\warehouse-dashboard\backend\.venv\lib\site-packages\django\db\models\sql\compiler.py", line 1623, in execute_sql
    cursor.execute(sql, params)
  File "C:\Users\User\Desktop\warehouse-dashboard\backend\.venv\lib\site-packages\django\db\backends\utils.py", line 122, in execute
    return super().execute(sql, params)
  File "C:\Users\User\Desktop\warehouse-dashboard\backend\.venv\lib\site-packages\django\db\backends\utils.py", line 79, in execute
    return self._execute_with_wrappers(
  File "C:\Users\User\Desktop\warehouse-dashboard\backend\.venv\lib\site-packages\django\db\backends\utils.py", line 92, in _execute_with_wrappers
    return executor(sql, params, many, context)
  File "C:\Users\User\Desktop\warehouse-dashboard\backend\.venv\lib\site-packages\django\db\backends\utils.py", line 100, in _execute
    with self.db.wrap_database_errors:
  File "C:\Users\User\Desktop\warehouse-dashboard\backend\.venv\lib\site-packages\django\db\utils.py", line 91, in __exit__
    raise dj_exc_value.with_traceback(traceback) from exc_value
  File "C:\Users\User\Desktop\warehouse-dashboard\backend\.venv\lib\site-packages\django\db\backends\utils.py", line 105, in _execute
    return self.cursor.execute(sql, params)
  File "C:\Users\User\Desktop\warehouse-dashboard\backend\.venv\lib\site-packages\django\db\backends\sqlite3\base.py", line 360, in execute
    return super().execute(query, params)
django.db.utils.OperationalError: no such table: api_courierdelivery
[2026-06-04 20:08:28,705] ERROR django.request: Internal Server Error: /api/day-notes/
Traceback (most recent call last):
  File "C:\Users\User\Desktop\warehouse-dashboard\backend\.venv\lib\site-packages\django\db\backends\utils.py", line 105, in _execute
    return self.cursor.execute(sql, params)
  File "C:\Users\User\Desktop\warehouse-dashboard\backend\.venv\lib\site-packages\django\db\backends\sqlite3\base.py", line 360, in execute
    return super().execute(query, params)
sqlite3.OperationalError: no such table: api_daynote

The above exception was the direct cause of the following exception:

Traceback (most recent call last):
  File "C:\Users\User\Desktop\warehouse-dashboard\backend\.venv\lib\site-packages\django\core\handlers\exception.py", line 55, in inner
    response = get_response(request)
  File "C:\Users\User\Desktop\warehouse-dashboard\backend\.venv\lib\site-packages\django\core\handlers\base.py", line 197, in _get_response
    response = wrapped_callback(request, *callback_args, **callback_kwargs)
  File "C:\Users\User\Desktop\warehouse-dashboard\backend\.venv\lib\site-packages\django\views\decorators\csrf.py", line 65, in _view_wrapper
    return view_func(request, *args, **kwargs)
  File "C:\Users\User\Desktop\warehouse-dashboard\backend\.venv\lib\site-packages\rest_framework\viewsets.py", line 125, in view
    return self.dispatch(request, *args, **kwargs)
  File "C:\Users\User\Desktop\warehouse-dashboard\backend\.venv\lib\site-packages\rest_framework\views.py", line 515, in dispatch
    response = self.handle_exception(exc)
  File "C:\Users\User\Desktop\warehouse-dashboard\backend\.venv\lib\site-packages\rest_framework\views.py", line 475, in handle_exception
    self.raise_uncaught_exception(exc)
  File "C:\Users\User\Desktop\warehouse-dashboard\backend\.venv\lib\site-packages\rest_framework\views.py", line 486, in raise_uncaught_exception
    raise exc
  File "C:\Users\User\Desktop\warehouse-dashboard\backend\.venv\lib\site-packages\rest_framework\views.py", line 512, in dispatch
    response = handler(request, *args, **kwargs)
  File "C:\Users\User\Desktop\warehouse-dashboard\backend\.venv\lib\site-packages\rest_framework\mixins.py", line 46, in list
    return Response(serializer.data)
  File "C:\Users\User\Desktop\warehouse-dashboard\backend\.venv\lib\site-packages\rest_framework\serializers.py", line 809, in data
    ret = super().data
  File "C:\Users\User\Desktop\warehouse-dashboard\backend\.venv\lib\site-packages\rest_framework\serializers.py", line 251, in data
    self._data = self.to_representation(self.instance)
  File "C:\Users\User\Desktop\warehouse-dashboard\backend\.venv\lib\site-packages\rest_framework\serializers.py", line 727, in to_representation
    return [
  File "C:\Users\User\Desktop\warehouse-dashboard\backend\.venv\lib\site-packages\django\db\models\query.py", line 386, in __iter__
    self._fetch_all()
  File "C:\Users\User\Desktop\warehouse-dashboard\backend\.venv\lib\site-packages\django\db\models\query.py", line 1954, in _fetch_all
    self._result_cache = list(self._iterable_class(self))
  File "C:\Users\User\Desktop\warehouse-dashboard\backend\.venv\lib\site-packages\django\db\models\query.py", line 93, in __iter__
    results = compiler.execute_sql(
  File "C:\Users\User\Desktop\warehouse-dashboard\backend\.venv\lib\site-packages\django\db\models\sql\compiler.py", line 1623, in execute_sql
    cursor.execute(sql, params)
  File "C:\Users\User\Desktop\warehouse-dashboard\backend\.venv\lib\site-packages\django\db\backends\utils.py", line 122, in execute
    return super().execute(sql, params)
  File "C:\Users\User\Desktop\warehouse-dashboard\backend\.venv\lib\site-packages\django\db\backends\utils.py", line 79, in execute
    return self._execute_with_wrappers(
  File "C:\Users\User\Desktop\warehouse-dashboard\backend\.venv\lib\site-packages\django\db\backends\utils.py", line 92, in _execute_with_wrappers
    return executor(sql, params, many, context)
  File "C:\Users\User\Desktop\warehouse-dashboard\backend\.venv\lib\site-packages\django\db\backends\utils.py", line 100, in _execute
    with self.db.wrap_database_errors:
  File "C:\Users\User\Desktop\warehouse-dashboard\backend\.venv\lib\site-packages\django\db\utils.py", line 91, in __exit__
    raise dj_exc_value.with_traceback(traceback) from exc_value
  File "C:\Users\User\Desktop\warehouse-dashboard\backend\.venv\lib\site-packages\django\db\backends\utils.py", line 105, in _execute
    return self.cursor.execute(sql, params)
  File "C:\Users\User\Desktop\warehouse-dashboard\backend\.venv\lib\site-packages\django\db\backends\sqlite3\base.py", line 360, in execute
    return super().execute(query, params)
django.db.utils.OperationalError: no such table: api_daynote
[2026-06-04 20:08:28,710] ERROR django.server: "GET /api/tasks/ HTTP/1.1" 500 170521
[2026-06-04 20:08:28,720] ERROR django.server: "GET /api/deliveries/ HTTP/1.1" 500 176746
[2026-06-04 20:08:28,727] ERROR django.server: "GET /api/day-notes/ HTTP/1.1" 500 167937
[2026-06-04 20:08:28,780] ERROR django.request: Internal Server Error: /api/tasks/
Traceback (most recent call last):
  File "C:\Users\User\Desktop\warehouse-dashboard\backend\.venv\lib\site-packages\django\db\backends\utils.py", line 105, in _execute
    return self.cursor.execute(sql, params)
  File "C:\Users\User\Desktop\warehouse-dashboard\backend\.venv\lib\site-packages\django\db\backends\sqlite3\base.py", line 360, in execute
    return super().execute(query, params)
sqlite3.OperationalError: no such table: api_task

The above exception was the direct cause of the following exception:

Traceback (most recent call last):
  File "C:\Users\User\Desktop\warehouse-dashboard\backend\.venv\lib\site-packages\django\core\handlers\exception.py", line 55, in inner
    response = get_response(request)
  File "C:\Users\User\Desktop\warehouse-dashboard\backend\.venv\lib\site-packages\django\core\handlers\base.py", line 197, in _get_response
    response = wrapped_callback(request, *callback_args, **callback_kwargs)
  File "C:\Users\User\Desktop\warehouse-dashboard\backend\.venv\lib\site-packages\django\views\decorators\csrf.py", line 65, in _view_wrapper
    return view_func(request, *args, **kwargs)
  File "C:\Users\User\Desktop\warehouse-dashboard\backend\.venv\lib\site-packages\rest_framework\viewsets.py", line 125, in view
    return self.dispatch(request, *args, **kwargs)
  File "C:\Users\User\Desktop\warehouse-dashboard\backend\.venv\lib\site-packages\rest_framework\views.py", line 515, in dispatch
    response = self.handle_exception(exc)
  File "C:\Users\User\Desktop\warehouse-dashboard\backend\.venv\lib\site-packages\rest_framework\views.py", line 475, in handle_exception
    self.raise_uncaught_exception(exc)
  File "C:\Users\User\Desktop\warehouse-dashboard\backend\.venv\lib\site-packages\rest_framework\views.py", line 486, in raise_uncaught_exception
    raise exc
  File "C:\Users\User\Desktop\warehouse-dashboard\backend\.venv\lib\site-packages\rest_framework\views.py", line 512, in dispatch
    response = handler(request, *args, **kwargs)
  File "C:\Users\User\Desktop\warehouse-dashboard\backend\.venv\lib\site-packages\rest_framework\mixins.py", line 46, in list
    return Response(serializer.data)
  File "C:\Users\User\Desktop\warehouse-dashboard\backend\.venv\lib\site-packages\rest_framework\serializers.py", line 809, in data
    ret = super().data
  File "C:\Users\User\Desktop\warehouse-dashboard\backend\.venv\lib\site-packages\rest_framework\serializers.py", line 251, in data
    self._data = self.to_representation(self.instance)
  File "C:\Users\User\Desktop\warehouse-dashboard\backend\.venv\lib\site-packages\rest_framework\serializers.py", line 727, in to_representation
    return [
  File "C:\Users\User\Desktop\warehouse-dashboard\backend\.venv\lib\site-packages\django\db\models\query.py", line 386, in __iter__
    self._fetch_all()
  File "C:\Users\User\Desktop\warehouse-dashboard\backend\.venv\lib\site-packages\django\db\models\query.py", line 1954, in _fetch_all
    self._result_cache = list(self._iterable_class(self))
  File "C:\Users\User\Desktop\warehouse-dashboard\backend\.venv\lib\site-packages\django\db\models\query.py", line 93, in __iter__
    results = compiler.execute_sql(
  File "C:\Users\User\Desktop\warehouse-dashboard\backend\.venv\lib\site-packages\django\db\models\sql\compiler.py", line 1623, in execute_sql
    cursor.execute(sql, params)
  File "C:\Users\User\Desktop\warehouse-dashboard\backend\.venv\lib\site-packages\django\db\backends\utils.py", line 122, in execute
    return super().execute(sql, params)
  File "C:\Users\User\Desktop\warehouse-dashboard\backend\.venv\lib\site-packages\django\db\backends\utils.py", line 79, in execute
    return self._execute_with_wrappers(
  File "C:\Users\User\Desktop\warehouse-dashboard\backend\.venv\lib\site-packages\django\db\backends\utils.py", line 92, in _execute_with_wrappers
    return executor(sql, params, many, context)
  File "C:\Users\User\Desktop\warehouse-dashboard\backend\.venv\lib\site-packages\django\db\backends\utils.py", line 100, in _execute
    with self.db.wrap_database_errors:
  File "C:\Users\User\Desktop\warehouse-dashboard\backend\.venv\lib\site-packages\django\db\utils.py", line 91, in __exit__
    raise dj_exc_value.with_traceback(traceback) from exc_value
  File "C:\Users\User\Desktop\warehouse-dashboard\backend\.venv\lib\site-packages\django\db\backends\utils.py", line 105, in _execute
    return self.cursor.execute(sql, params)
  File "C:\Users\User\Desktop\warehouse-dashboard\backend\.venv\lib\site-packages\django\db\backends\sqlite3\base.py", line 360, in execute
    return super().execute(query, params)
django.db.utils.OperationalError: no such table: api_task
[2026-06-04 20:08:28,793] ERROR django.server: "GET /api/tasks/ HTTP/1.1" 500 170521
[2026-06-04 20:08:28,837] ERROR django.request: Internal Server Error: /api/day-notes/
Traceback (most recent call last):
  File "C:\Users\User\Desktop\warehouse-dashboard\backend\.venv\lib\site-packages\django\db\backends\utils.py", line 105, in _execute
    return self.cursor.execute(sql, params)
  File "C:\Users\User\Desktop\warehouse-dashboard\backend\.venv\lib\site-packages\django\db\backends\sqlite3\base.py", line 360, in execute
    return super().execute(query, params)
sqlite3.OperationalError: no such table: api_daynote

The above exception was the direct cause of the following exception:

Traceback (most recent call last):
  File "C:\Users\User\Desktop\warehouse-dashboard\backend\.venv\lib\site-packages\django\core\handlers\exception.py", line 55, in inner
    response = get_response(request)
  File "C:\Users\User\Desktop\warehouse-dashboard\backend\.venv\lib\site-packages\django\core\handlers\base.py", line 197, in _get_response
    response = wrapped_callback(request, *callback_args, **callback_kwargs)
  File "C:\Users\User\Desktop\warehouse-dashboard\backend\.venv\lib\site-packages\django\views\decorators\csrf.py", line 65, in _view_wrapper
    return view_func(request, *args, **kwargs)
  File "C:\Users\User\Desktop\warehouse-dashboard\backend\.venv\lib\site-packages\rest_framework\viewsets.py", line 125, in view
    return self.dispatch(request, *args, **kwargs)
  File "C:\Users\User\Desktop\warehouse-dashboard\backend\.venv\lib\site-packages\rest_framework\views.py", line 515, in dispatch
    response = self.handle_exception(exc)
  File "C:\Users\User\Desktop\warehouse-dashboard\backend\.venv\lib\site-packages\rest_framework\views.py", line 475, in handle_exception
    self.raise_uncaught_exception(exc)
  File "C:\Users\User\Desktop\warehouse-dashboard\backend\.venv\lib\site-packages\rest_framework\views.py", line 486, in raise_uncaught_exception
    raise exc
  File "C:\Users\User\Desktop\warehouse-dashboard\backend\.venv\lib\site-packages\rest_framework\views.py", line 512, in dispatch
    response = handler(request, *args, **kwargs)
  File "C:\Users\User\Desktop\warehouse-dashboard\backend\.venv\lib\site-packages\rest_framework\mixins.py", line 46, in list
    return Response(serializer.data)
  File "C:\Users\User\Desktop\warehouse-dashboard\backend\.venv\lib\site-packages\rest_framework\serializers.py", line 809, in data
    ret = super().data
  File "C:\Users\User\Desktop\warehouse-dashboard\backend\.venv\lib\site-packages\rest_framework\serializers.py", line 251, in data
    self._data = self.to_representation(self.instance)
  File "C:\Users\User\Desktop\warehouse-dashboard\backend\.venv\lib\site-packages\rest_framework\serializers.py", line 727, in to_representation
    return [
  File "C:\Users\User\Desktop\warehouse-dashboard\backend\.venv\lib\site-packages\django\db\models\query.py", line 386, in __iter__
    self._fetch_all()
  File "C:\Users\User\Desktop\warehouse-dashboard\backend\.venv\lib\site-packages\django\db\models\query.py", line 1954, in _fetch_all
    self._result_cache = list(self._iterable_class(self))
  File "C:\Users\User\Desktop\warehouse-dashboard\backend\.venv\lib\site-packages\django\db\models\query.py", line 93, in __iter__
    results = compiler.execute_sql(
  File "C:\Users\User\Desktop\warehouse-dashboard\backend\.venv\lib\site-packages\django\db\models\sql\compiler.py", line 1623, in execute_sql
    cursor.execute(sql, params)
  File "C:\Users\User\Desktop\warehouse-dashboard\backend\.venv\lib\site-packages\django\db\backends\utils.py", line 122, in execute
    return super().execute(sql, params)
  File "C:\Users\User\Desktop\warehouse-dashboard\backend\.venv\lib\site-packages\django\db\backends\utils.py", line 79, in execute
    return self._execute_with_wrappers(
  File "C:\Users\User\Desktop\warehouse-dashboard\backend\.venv\lib\site-packages\django\db\backends\utils.py", line 92, in _execute_with_wrappers
    return executor(sql, params, many, context)
  File "C:\Users\User\Desktop\warehouse-dashboard\backend\.venv\lib\site-packages\django\db\backends\utils.py", line 100, in _execute
    with self.db.wrap_database_errors:
  File "C:\Users\User\Desktop\warehouse-dashboard\backend\.venv\lib\site-packages\django\db\utils.py", line 91, in __exit__
    raise dj_exc_value.with_traceback(traceback) from exc_value
  File "C:\Users\User\Desktop\warehouse-dashboard\backend\.venv\lib\site-packages\django\db\backends\utils.py", line 105, in _execute
    return self.cursor.execute(sql, params)
  File "C:\Users\User\Desktop\warehouse-dashboard\backend\.venv\lib\site-packages\django\db\backends\sqlite3\base.py", line 360, in execute
    return super().execute(query, params)
django.db.utils.OperationalError: no such table: api_daynote
[2026-06-04 20:08:28,842] ERROR django.request: Internal Server Error: /api/deliveries/
Traceback (most recent call last):
  File "C:\Users\User\Desktop\warehouse-dashboard\backend\.venv\lib\site-packages\django\db\backends\utils.py", line 105, in _execute
    return self.cursor.execute(sql, params)
  File "C:\Users\User\Desktop\warehouse-dashboard\backend\.venv\lib\site-packages\django\db\backends\sqlite3\base.py", line 360, in execute
    return super().execute(query, params)
sqlite3.OperationalError: no such table: api_courierdelivery

The above exception was the direct cause of the following exception:

Traceback (most recent call last):
  File "C:\Users\User\Desktop\warehouse-dashboard\backend\.venv\lib\site-packages\django\core\handlers\exception.py", line 55, in inner
    response = get_response(request)
  File "C:\Users\User\Desktop\warehouse-dashboard\backend\.venv\lib\site-packages\django\core\handlers\base.py", line 197, in _get_response
    response = wrapped_callback(request, *callback_args, **callback_kwargs)
  File "C:\Users\User\Desktop\warehouse-dashboard\backend\.venv\lib\site-packages\django\views\decorators\csrf.py", line 65, in _view_wrapper
    return view_func(request, *args, **kwargs)
  File "C:\Users\User\Desktop\warehouse-dashboard\backend\.venv\lib\site-packages\rest_framework\viewsets.py", line 125, in view
    return self.dispatch(request, *args, **kwargs)
  File "C:\Users\User\Desktop\warehouse-dashboard\backend\.venv\lib\site-packages\rest_framework\views.py", line 515, in dispatch
    response = self.handle_exception(exc)
  File "C:\Users\User\Desktop\warehouse-dashboard\backend\.venv\lib\site-packages\rest_framework\views.py", line 475, in handle_exception
    self.raise_uncaught_exception(exc)
  File "C:\Users\User\Desktop\warehouse-dashboard\backend\.venv\lib\site-packages\rest_framework\views.py", line 486, in raise_uncaught_exception
    raise exc
  File "C:\Users\User\Desktop\warehouse-dashboard\backend\.venv\lib\site-packages\rest_framework\views.py", line 512, in dispatch
    response = handler(request, *args, **kwargs)
  File "C:\Users\User\Desktop\warehouse-dashboard\backend\.venv\lib\site-packages\rest_framework\mixins.py", line 46, in list
    return Response(serializer.data)
  File "C:\Users\User\Desktop\warehouse-dashboard\backend\.venv\lib\site-packages\rest_framework\serializers.py", line 809, in data
    ret = super().data
  File "C:\Users\User\Desktop\warehouse-dashboard\backend\.venv\lib\site-packages\rest_framework\serializers.py", line 251, in data
    self._data = self.to_representation(self.instance)
  File "C:\Users\User\Desktop\warehouse-dashboard\backend\.venv\lib\site-packages\rest_framework\serializers.py", line 727, in to_representation
    return [
  File "C:\Users\User\Desktop\warehouse-dashboard\backend\.venv\lib\site-packages\django\db\models\query.py", line 386, in __iter__
    self._fetch_all()
  File "C:\Users\User\Desktop\warehouse-dashboard\backend\.venv\lib\site-packages\django\db\models\query.py", line 1954, in _fetch_all
    self._result_cache = list(self._iterable_class(self))
  File "C:\Users\User\Desktop\warehouse-dashboard\backend\.venv\lib\site-packages\django\db\models\query.py", line 93, in __iter__
    results = compiler.execute_sql(
  File "C:\Users\User\Desktop\warehouse-dashboard\backend\.venv\lib\site-packages\django\db\models\sql\compiler.py", line 1623, in execute_sql
    cursor.execute(sql, params)
  File "C:\Users\User\Desktop\warehouse-dashboard\backend\.venv\lib\site-packages\django\db\backends\utils.py", line 122, in execute
    return super().execute(sql, params)
  File "C:\Users\User\Desktop\warehouse-dashboard\backend\.venv\lib\site-packages\django\db\backends\utils.py", line 79, in execute
    return self._execute_with_wrappers(
  File "C:\Users\User\Desktop\warehouse-dashboard\backend\.venv\lib\site-packages\django\db\backends\utils.py", line 92, in _execute_with_wrappers
    return executor(sql, params, many, context)
  File "C:\Users\User\Desktop\warehouse-dashboard\backend\.venv\lib\site-packages\django\db\backends\utils.py", line 100, in _execute
    with self.db.wrap_database_errors:
  File "C:\Users\User\Desktop\warehouse-dashboard\backend\.venv\lib\site-packages\django\db\utils.py", line 91, in __exit__
    raise dj_exc_value.with_traceback(traceback) from exc_value
  File "C:\Users\User\Desktop\warehouse-dashboard\backend\.venv\lib\site-packages\django\db\backends\utils.py", line 105, in _execute
    return self.cursor.execute(sql, params)
  File "C:\Users\User\Desktop\warehouse-dashboard\backend\.venv\lib\site-packages\django\db\backends\sqlite3\base.py", line 360, in execute
    return super().execute(query, params)
django.db.utils.OperationalError: no such table: api_courierdelivery
[2026-06-04 20:08:28,845] ERROR django.server: "GET /api/day-notes/ HTTP/1.1" 500 167937
[2026-06-04 20:08:28,848] ERROR django.server: "GET /api/deliveries/ HTTP/1.1" 500 176746
[2026-06-04 20:08:29,635] ERROR django.request: Internal Server Error: /api/tasks/
Traceback (most recent call last):
  File "C:\Users\User\Desktop\warehouse-dashboard\backend\.venv\lib\site-packages\django\db\backends\utils.py", line 105, in _execute
    return self.cursor.execute(sql, params)
  File "C:\Users\User\Desktop\warehouse-dashboard\backend\.venv\lib\site-packages\django\db\backends\sqlite3\base.py", line 360, in execute
    return super().execute(query, params)
sqlite3.OperationalError: no such table: api_task

The above exception was the direct cause of the following exception:

Traceback (most recent call last):
  File "C:\Users\User\Desktop\warehouse-dashboard\backend\.venv\lib\site-packages\django\core\handlers\exception.py", line 55, in inner
    response = get_response(request)
  File "C:\Users\User\Desktop\warehouse-dashboard\backend\.venv\lib\site-packages\django\core\handlers\base.py", line 197, in _get_response
    response = wrapped_callback(request, *callback_args, **callback_kwargs)
  File "C:\Users\User\Desktop\warehouse-dashboard\backend\.venv\lib\site-packages\django\views\decorators\csrf.py", line 65, in _view_wrapper
    return view_func(request, *args, **kwargs)
  File "C:\Users\User\Desktop\warehouse-dashboard\backend\.venv\lib\site-packages\rest_framework\viewsets.py", line 125, in view
    return self.dispatch(request, *args, **kwargs)
  File "C:\Users\User\Desktop\warehouse-dashboard\backend\.venv\lib\site-packages\rest_framework\views.py", line 515, in dispatch
    response = self.handle_exception(exc)
  File "C:\Users\User\Desktop\warehouse-dashboard\backend\.venv\lib\site-packages\rest_framework\views.py", line 475, in handle_exception
    self.raise_uncaught_exception(exc)
  File "C:\Users\User\Desktop\warehouse-dashboard\backend\.venv\lib\site-packages\rest_framework\views.py", line 486, in raise_uncaught_exception
    raise exc
  File "C:\Users\User\Desktop\warehouse-dashboard\backend\.venv\lib\site-packages\rest_framework\views.py", line 512, in dispatch
    response = handler(request, *args, **kwargs)
  File "C:\Users\User\Desktop\warehouse-dashboard\backend\.venv\lib\site-packages\rest_framework\mixins.py", line 46, in list
    return Response(serializer.data)
  File "C:\Users\User\Desktop\warehouse-dashboard\backend\.venv\lib\site-packages\rest_framework\serializers.py", line 809, in data
    ret = super().data
  File "C:\Users\User\Desktop\warehouse-dashboard\backend\.venv\lib\site-packages\rest_framework\serializers.py", line 251, in data
    self._data = self.to_representation(self.instance)
  File "C:\Users\User\Desktop\warehouse-dashboard\backend\.venv\lib\site-packages\rest_framework\serializers.py", line 727, in to_representation
    return [
  File "C:\Users\User\Desktop\warehouse-dashboard\backend\.venv\lib\site-packages\django\db\models\query.py", line 386, in __iter__
    self._fetch_all()
  File "C:\Users\User\Desktop\warehouse-dashboard\backend\.venv\lib\site-packages\django\db\models\query.py", line 1954, in _fetch_all
    self._result_cache = list(self._iterable_class(self))
  File "C:\Users\User\Desktop\warehouse-dashboard\backend\.venv\lib\site-packages\django\db\models\query.py", line 93, in __iter__
    results = compiler.execute_sql(
  File "C:\Users\User\Desktop\warehouse-dashboard\backend\.venv\lib\site-packages\django\db\models\sql\compiler.py", line 1623, in execute_sql
    cursor.execute(sql, params)
  File "C:\Users\User\Desktop\warehouse-dashboard\backend\.venv\lib\site-packages\django\db\backends\utils.py", line 122, in execute
    return super().execute(sql, params)
  File "C:\Users\User\Desktop\warehouse-dashboard\backend\.venv\lib\site-packages\django\db\backends\utils.py", line 79, in execute
    return self._execute_with_wrappers(
  File "C:\Users\User\Desktop\warehouse-dashboard\backend\.venv\lib\site-packages\django\db\backends\utils.py", line 92, in _execute_with_wrappers
    return executor(sql, params, many, context)
  File "C:\Users\User\Desktop\warehouse-dashboard\backend\.venv\lib\site-packages\django\db\backends\utils.py", line 100, in _execute
    with self.db.wrap_database_errors:
  File "C:\Users\User\Desktop\warehouse-dashboard\backend\.venv\lib\site-packages\django\db\utils.py", line 91, in __exit__
    raise dj_exc_value.with_traceback(traceback) from exc_value
  File "C:\Users\User\Desktop\warehouse-dashboard\backend\.venv\lib\site-packages\django\db\backends\utils.py", line 105, in _execute
    return self.cursor.execute(sql, params)
  File "C:\Users\User\Desktop\warehouse-dashboard\backend\.venv\lib\site-packages\django\db\backends\sqlite3\base.py", line 360, in execute
    return super().execute(query, params)
django.db.utils.OperationalError: no such table: api_task
[2026-06-04 20:08:29,654] ERROR django.request: Internal Server Error: /api/day-notes/
Traceback (most recent call last):
  File "C:\Users\User\Desktop\warehouse-dashboard\backend\.venv\lib\site-packages\django\db\backends\utils.py", line 105, in _execute
    return self.cursor.execute(sql, params)
  File "C:\Users\User\Desktop\warehouse-dashboard\backend\.venv\lib\site-packages\django\db\backends\sqlite3\base.py", line 360, in execute
    return super().execute(query, params)
sqlite3.OperationalError: no such table: api_daynote

The above exception was the direct cause of the following exception:

Traceback (most recent call last):
  File "C:\Users\User\Desktop\warehouse-dashboard\backend\.venv\lib\site-packages\django\core\handlers\exception.py", line 55, in inner
    response = get_response(request)
  File "C:\Users\User\Desktop\warehouse-dashboard\backend\.venv\lib\site-packages\django\core\handlers\base.py", line 197, in _get_response
    response = wrapped_callback(request, *callback_args, **callback_kwargs)
  File "C:\Users\User\Desktop\warehouse-dashboard\backend\.venv\lib\site-packages\django\views\decorators\csrf.py", line 65, in _view_wrapper
    return view_func(request, *args, **kwargs)
  File "C:\Users\User\Desktop\warehouse-dashboard\backend\.venv\lib\site-packages\rest_framework\viewsets.py", line 125, in view
    return self.dispatch(request, *args, **kwargs)
  File "C:\Users\User\Desktop\warehouse-dashboard\backend\.venv\lib\site-packages\rest_framework\views.py", line 515, in dispatch
    response = self.handle_exception(exc)
  File "C:\Users\User\Desktop\warehouse-dashboard\backend\.venv\lib\site-packages\rest_framework\views.py", line 475, in handle_exception
    self.raise_uncaught_exception(exc)
  File "C:\Users\User\Desktop\warehouse-dashboard\backend\.venv\lib\site-packages\rest_framework\views.py", line 486, in raise_uncaught_exception
    raise exc
  File "C:\Users\User\Desktop\warehouse-dashboard\backend\.venv\lib\site-packages\rest_framework\views.py", line 512, in dispatch
    response = handler(request, *args, **kwargs)
  File "C:\Users\User\Desktop\warehouse-dashboard\backend\.venv\lib\site-packages\rest_framework\mixins.py", line 46, in list
    return Response(serializer.data)
  File "C:\Users\User\Desktop\warehouse-dashboard\backend\.venv\lib\site-packages\rest_framework\serializers.py", line 809, in data
    ret = super().data
  File "C:\Users\User\Desktop\warehouse-dashboard\backend\.venv\lib\site-packages\rest_framework\serializers.py", line 251, in data
    self._data = self.to_representation(self.instance)
  File "C:\Users\User\Desktop\warehouse-dashboard\backend\.venv\lib\site-packages\rest_framework\serializers.py", line 727, in to_representation
    return [
  File "C:\Users\User\Desktop\warehouse-dashboard\backend\.venv\lib\site-packages\django\db\models\query.py", line 386, in __iter__
    self._fetch_all()
  File "C:\Users\User\Desktop\warehouse-dashboard\backend\.venv\lib\site-packages\django\db\models\query.py", line 1954, in _fetch_all
    self._result_cache = list(self._iterable_class(self))
  File "C:\Users\User\Desktop\warehouse-dashboard\backend\.venv\lib\site-packages\django\db\models\query.py", line 93, in __iter__
    results = compiler.execute_sql(
  File "C:\Users\User\Desktop\warehouse-dashboard\backend\.venv\lib\site-packages\django\db\models\sql\compiler.py", line 1623, in execute_sql
    cursor.execute(sql, params)
  File "C:\Users\User\Desktop\warehouse-dashboard\backend\.venv\lib\site-packages\django\db\backends\utils.py", line 122, in execute
    return super().execute(sql, params)
  File "C:\Users\User\Desktop\warehouse-dashboard\backend\.venv\lib\site-packages\django\db\backends\utils.py", line 79, in execute
    return self._execute_with_wrappers(
  File "C:\Users\User\Desktop\warehouse-dashboard\backend\.venv\lib\site-packages\django\db\backends\utils.py", line 92, in _execute_with_wrappers
    return executor(sql, params, many, context)
  File "C:\Users\User\Desktop\warehouse-dashboard\backend\.venv\lib\site-packages\django\db\backends\utils.py", line 100, in _execute
    with self.db.wrap_database_errors:
  File "C:\Users\User\Desktop\warehouse-dashboard\backend\.venv\lib\site-packages\django\db\utils.py", line 91, in __exit__
    raise dj_exc_value.with_traceback(traceback) from exc_value
  File "C:\Users\User\Desktop\warehouse-dashboard\backend\.venv\lib\site-packages\django\db\backends\utils.py", line 105, in _execute
    return self.cursor.execute(sql, params)
  File "C:\Users\User\Desktop\warehouse-dashboard\backend\.venv\lib\site-packages\django\db\backends\sqlite3\base.py", line 360, in execute
    return super().execute(query, params)
django.db.utils.OperationalError: no such table: api_daynote
[2026-06-04 20:08:29,675] ERROR django.request: Internal Server Error: /api/deliveries/
Traceback (most recent call last):
  File "C:\Users\User\Desktop\warehouse-dashboard\backend\.venv\lib\site-packages\django\db\backends\utils.py", line 105, in _execute
    return self.cursor.execute(sql, params)
  File "C:\Users\User\Desktop\warehouse-dashboard\backend\.venv\lib\site-packages\django\db\backends\sqlite3\base.py", line 360, in execute
    return super().execute(query, params)
sqlite3.OperationalError: no such table: api_courierdelivery

The above exception was the direct cause of the following exception:

Traceback (most recent call last):
  File "C:\Users\User\Desktop\warehouse-dashboard\backend\.venv\lib\site-packages\django\core\handlers\exception.py", line 55, in inner
    response = get_response(request)
  File "C:\Users\User\Desktop\warehouse-dashboard\backend\.venv\lib\site-packages\django\core\handlers\base.py", line 197, in _get_response
    response = wrapped_callback(request, *callback_args, **callback_kwargs)
  File "C:\Users\User\Desktop\warehouse-dashboard\backend\.venv\lib\site-packages\django\views\decorators\csrf.py", line 65, in _view_wrapper
    return view_func(request, *args, **kwargs)
  File "C:\Users\User\Desktop\warehouse-dashboard\backend\.venv\lib\site-packages\rest_framework\viewsets.py", line 125, in view
    return self.dispatch(request, *args, **kwargs)
  File "C:\Users\User\Desktop\warehouse-dashboard\backend\.venv\lib\site-packages\rest_framework\views.py", line 515, in dispatch
    response = self.handle_exception(exc)
  File "C:\Users\User\Desktop\warehouse-dashboard\backend\.venv\lib\site-packages\rest_framework\views.py", line 475, in handle_exception
    self.raise_uncaught_exception(exc)
  File "C:\Users\User\Desktop\warehouse-dashboard\backend\.venv\lib\site-packages\rest_framework\views.py", line 486, in raise_uncaught_exception
    raise exc
  File "C:\Users\User\Desktop\warehouse-dashboard\backend\.venv\lib\site-packages\rest_framework\views.py", line 512, in dispatch
    response = handler(request, *args, **kwargs)
  File "C:\Users\User\Desktop\warehouse-dashboard\backend\.venv\lib\site-packages\rest_framework\mixins.py", line 46, in list
    return Response(serializer.data)
  File "C:\Users\User\Desktop\warehouse-dashboard\backend\.venv\lib\site-packages\rest_framework\serializers.py", line 809, in data
    ret = super().data
  File "C:\Users\User\Desktop\warehouse-dashboard\backend\.venv\lib\site-packages\rest_framework\serializers.py", line 251, in data
    self._data = self.to_representation(self.instance)
  File "C:\Users\User\Desktop\warehouse-dashboard\backend\.venv\lib\site-packages\rest_framework\serializers.py", line 727, in to_representation
    return [
  File "C:\Users\User\Desktop\warehouse-dashboard\backend\.venv\lib\site-packages\django\db\models\query.py", line 386, in __iter__
    self._fetch_all()
  File "C:\Users\User\Desktop\warehouse-dashboard\backend\.venv\lib\site-packages\django\db\models\query.py", line 1954, in _fetch_all
    self._result_cache = list(self._iterable_class(self))
  File "C:\Users\User\Desktop\warehouse-dashboard\backend\.venv\lib\site-packages\django\db\models\query.py", line 93, in __iter__
    results = compiler.execute_sql(
  File "C:\Users\User\Desktop\warehouse-dashboard\backend\.venv\lib\site-packages\django\db\models\sql\compiler.py", line 1623, in execute_sql
    cursor.execute(sql, params)
  File "C:\Users\User\Desktop\warehouse-dashboard\backend\.venv\lib\site-packages\django\db\backends\utils.py", line 122, in execute
    return super().execute(sql, params)
  File "C:\Users\User\Desktop\warehouse-dashboard\backend\.venv\lib\site-packages\django\db\backends\utils.py", line 79, in execute
    return self._execute_with_wrappers(
  File "C:\Users\User\Desktop\warehouse-dashboard\backend\.venv\lib\site-packages\django\db\backends\utils.py", line 92, in _execute_with_wrappers
    return executor(sql, params, many, context)
  File "C:\Users\User\Desktop\warehouse-dashboard\backend\.venv\lib\site-packages\django\db\backends\utils.py", line 100, in _execute
    with self.db.wrap_database_errors:
  File "C:\Users\User\Desktop\warehouse-dashboard\backend\.venv\lib\site-packages\django\db\utils.py", line 91, in __exit__
    raise dj_exc_value.with_traceback(traceback) from exc_value
  File "C:\Users\User\Desktop\warehouse-dashboard\backend\.venv\lib\site-packages\django\db\backends\utils.py", line 105, in _execute
    return self.cursor.execute(sql, params)
  File "C:\Users\User\Desktop\warehouse-dashboard\backend\.venv\lib\site-packages\django\db\backends\sqlite3\base.py", line 360, in execute
    return super().execute(query, params)
django.db.utils.OperationalError: no such table: api_courierdelivery
[2026-06-04 20:08:29,677] ERROR django.server: "GET /api/tasks/ HTTP/1.1" 500 170521
[2026-06-04 20:08:29,681] ERROR django.server: "GET /api/day-notes/ HTTP/1.1" 500 167937
[2026-06-04 20:08:29,694] ERROR django.server: "GET /api/deliveries/ HTTP/1.1" 500 176746
[2026-06-04 20:08:29,751] ERROR django.request: Internal Server Error: /api/tasks/
Traceback (most recent call last):
  File "C:\Users\User\Desktop\warehouse-dashboard\backend\.venv\lib\site-packages\django\db\backends\utils.py", line 105, in _execute
    return self.cursor.execute(sql, params)
  File "C:\Users\User\Desktop\warehouse-dashboard\backend\.venv\lib\site-packages\django\db\backends\sqlite3\base.py", line 360, in execute
    return super().execute(query, params)
sqlite3.OperationalError: no such table: api_task

The above exception was the direct cause of the following exception:

Traceback (most recent call last):
  File "C:\Users\User\Desktop\warehouse-dashboard\backend\.venv\lib\site-packages\django\core\handlers\exception.py", line 55, in inner
    response = get_response(request)
  File "C:\Users\User\Desktop\warehouse-dashboard\backend\.venv\lib\site-packages\django\core\handlers\base.py", line 197, in _get_response
    response = wrapped_callback(request, *callback_args, **callback_kwargs)
  File "C:\Users\User\Desktop\warehouse-dashboard\backend\.venv\lib\site-packages\django\views\decorators\csrf.py", line 65, in _view_wrapper
    return view_func(request, *args, **kwargs)
  File "C:\Users\User\Desktop\warehouse-dashboard\backend\.venv\lib\site-packages\rest_framework\viewsets.py", line 125, in view
    return self.dispatch(request, *args, **kwargs)
  File "C:\Users\User\Desktop\warehouse-dashboard\backend\.venv\lib\site-packages\rest_framework\views.py", line 515, in dispatch
    response = self.handle_exception(exc)
  File "C:\Users\User\Desktop\warehouse-dashboard\backend\.venv\lib\site-packages\rest_framework\views.py", line 475, in handle_exception
    self.raise_uncaught_exception(exc)
  File "C:\Users\User\Desktop\warehouse-dashboard\backend\.venv\lib\site-packages\rest_framework\views.py", line 486, in raise_uncaught_exception
    raise exc
  File "C:\Users\User\Desktop\warehouse-dashboard\backend\.venv\lib\site-packages\rest_framework\views.py", line 512, in dispatch
    response = handler(request, *args, **kwargs)
  File "C:\Users\User\Desktop\warehouse-dashboard\backend\.venv\lib\site-packages\rest_framework\mixins.py", line 46, in list
    return Response(serializer.data)
  File "C:\Users\User\Desktop\warehouse-dashboard\backend\.venv\lib\site-packages\rest_framework\serializers.py", line 809, in data
    ret = super().data
  File "C:\Users\User\Desktop\warehouse-dashboard\backend\.venv\lib\site-packages\rest_framework\serializers.py", line 251, in data
    self._data = self.to_representation(self.instance)
  File "C:\Users\User\Desktop\warehouse-dashboard\backend\.venv\lib\site-packages\rest_framework\serializers.py", line 727, in to_representation
    return [
  File "C:\Users\User\Desktop\warehouse-dashboard\backend\.venv\lib\site-packages\django\db\models\query.py", line 386, in __iter__
    self._fetch_all()
  File "C:\Users\User\Desktop\warehouse-dashboard\backend\.venv\lib\site-packages\django\db\models\query.py", line 1954, in _fetch_all
    self._result_cache = list(self._iterable_class(self))
  File "C:\Users\User\Desktop\warehouse-dashboard\backend\.venv\lib\site-packages\django\db\models\query.py", line 93, in __iter__
    results = compiler.execute_sql(
  File "C:\Users\User\Desktop\warehouse-dashboard\backend\.venv\lib\site-packages\django\db\models\sql\compiler.py", line 1623, in execute_sql
    cursor.execute(sql, params)
  File "C:\Users\User\Desktop\warehouse-dashboard\backend\.venv\lib\site-packages\django\db\backends\utils.py", line 122, in execute
    return super().execute(sql, params)
  File "C:\Users\User\Desktop\warehouse-dashboard\backend\.venv\lib\site-packages\django\db\backends\utils.py", line 79, in execute
    return self._execute_with_wrappers(
  File "C:\Users\User\Desktop\warehouse-dashboard\backend\.venv\lib\site-packages\django\db\backends\utils.py", line 92, in _execute_with_wrappers
    return executor(sql, params, many, context)
  File "C:\Users\User\Desktop\warehouse-dashboard\backend\.venv\lib\site-packages\django\db\backends\utils.py", line 100, in _execute
    with self.db.wrap_database_errors:
  File "C:\Users\User\Desktop\warehouse-dashboard\backend\.venv\lib\site-packages\django\db\utils.py", line 91, in __exit__
    raise dj_exc_value.with_traceback(traceback) from exc_value
  File "C:\Users\User\Desktop\warehouse-dashboard\backend\.venv\lib\site-packages\django\db\backends\utils.py", line 105, in _execute
    return self.cursor.execute(sql, params)
  File "C:\Users\User\Desktop\warehouse-dashboard\backend\.venv\lib\site-packages\django\db\backends\sqlite3\base.py", line 360, in execute
    return super().execute(query, params)
django.db.utils.OperationalError: no such table: api_task
[2026-06-04 20:08:29,795] ERROR django.request: Internal Server Error: /api/day-notes/
Traceback (most recent call last):
  File "C:\Users\User\Desktop\warehouse-dashboard\backend\.venv\lib\site-packages\django\db\backends\utils.py", line 105, in _execute
    return self.cursor.execute(sql, params)
  File "C:\Users\User\Desktop\warehouse-dashboard\backend\.venv\lib\site-packages\django\db\backends\sqlite3\base.py", line 360, in execute
    return super().execute(query, params)
sqlite3.OperationalError: no such table: api_daynote

The above exception was the direct cause of the following exception:

Traceback (most recent call last):
  File "C:\Users\User\Desktop\warehouse-dashboard\backend\.venv\lib\site-packages\django\core\handlers\exception.py", line 55, in inner
    response = get_response(request)
  File "C:\Users\User\Desktop\warehouse-dashboard\backend\.venv\lib\site-packages\django\core\handlers\base.py", line 197, in _get_response
    response = wrapped_callback(request, *callback_args, **callback_kwargs)
  File "C:\Users\User\Desktop\warehouse-dashboard\backend\.venv\lib\site-packages\django\views\decorators\csrf.py", line 65, in _view_wrapper
    return view_func(request, *args, **kwargs)
  File "C:\Users\User\Desktop\warehouse-dashboard\backend\.venv\lib\site-packages\rest_framework\viewsets.py", line 125, in view
    return self.dispatch(request, *args, **kwargs)
  File "C:\Users\User\Desktop\warehouse-dashboard\backend\.venv\lib\site-packages\rest_framework\views.py", line 515, in dispatch
    response = self.handle_exception(exc)
  File "C:\Users\User\Desktop\warehouse-dashboard\backend\.venv\lib\site-packages\rest_framework\views.py", line 475, in handle_exception
    self.raise_uncaught_exception(exc)
  File "C:\Users\User\Desktop\warehouse-dashboard\backend\.venv\lib\site-packages\rest_framework\views.py", line 486, in raise_uncaught_exception
    raise exc
  File "C:\Users\User\Desktop\warehouse-dashboard\backend\.venv\lib\site-packages\rest_framework\views.py", line 512, in dispatch
    response = handler(request, *args, **kwargs)
  File "C:\Users\User\Desktop\warehouse-dashboard\backend\.venv\lib\site-packages\rest_framework\mixins.py", line 46, in list
    return Response(serializer.data)
  File "C:\Users\User\Desktop\warehouse-dashboard\backend\.venv\lib\site-packages\rest_framework\serializers.py", line 809, in data
    ret = super().data
  File "C:\Users\User\Desktop\warehouse-dashboard\backend\.venv\lib\site-packages\rest_framework\serializers.py", line 251, in data
    self._data = self.to_representation(self.instance)
  File "C:\Users\User\Desktop\warehouse-dashboard\backend\.venv\lib\site-packages\rest_framework\serializers.py", line 727, in to_representation
    return [
  File "C:\Users\User\Desktop\warehouse-dashboard\backend\.venv\lib\site-packages\django\db\models\query.py", line 386, in __iter__
    self._fetch_all()
  File "C:\Users\User\Desktop\warehouse-dashboard\backend\.venv\lib\site-packages\django\db\models\query.py", line 1954, in _fetch_all
    self._result_cache = list(self._iterable_class(self))
  File "C:\Users\User\Desktop\warehouse-dashboard\backend\.venv\lib\site-packages\django\db\models\query.py", line 93, in __iter__
    results = compiler.execute_sql(
  File "C:\Users\User\Desktop\warehouse-dashboard\backend\.venv\lib\site-packages\django\db\models\sql\compiler.py", line 1623, in execute_sql
    cursor.execute(sql, params)
  File "C:\Users\User\Desktop\warehouse-dashboard\backend\.venv\lib\site-packages\django\db\backends\utils.py", line 122, in execute
    return super().execute(sql, params)
  File "C:\Users\User\Desktop\warehouse-dashboard\backend\.venv\lib\site-packages\django\db\backends\utils.py", line 79, in execute
    return self._execute_with_wrappers(
  File "C:\Users\User\Desktop\warehouse-dashboard\backend\.venv\lib\site-packages\django\db\backends\utils.py", line 92, in _execute_with_wrappers
    return executor(sql, params, many, context)
  File "C:\Users\User\Desktop\warehouse-dashboard\backend\.venv\lib\site-packages\django\db\backends\utils.py", line 100, in _execute
    with self.db.wrap_database_errors:
  File "C:\Users\User\Desktop\warehouse-dashboard\backend\.venv\lib\site-packages\django\db\utils.py", line 91, in __exit__
    raise dj_exc_value.with_traceback(traceback) from exc_value
  File "C:\Users\User\Desktop\warehouse-dashboard\backend\.venv\lib\site-packages\django\db\backends\utils.py", line 105, in _execute
    return self.cursor.execute(sql, params)
  File "C:\Users\User\Desktop\warehouse-dashboard\backend\.venv\lib\site-packages\django\db\backends\sqlite3\base.py", line 360, in execute
    return super().execute(query, params)
django.db.utils.OperationalError: no such table: api_daynote
[2026-06-04 20:08:29,802] ERROR django.request: Internal Server Error: /api/deliveries/
Traceback (most recent call last):
  File "C:\Users\User\Desktop\warehouse-dashboard\backend\.venv\lib\site-packages\django\db\backends\utils.py", line 105, in _execute
    return self.cursor.execute(sql, params)
  File "C:\Users\User\Desktop\warehouse-dashboard\backend\.venv\lib\site-packages\django\db\backends\sqlite3\base.py", line 360, in execute
    return super().execute(query, params)
sqlite3.OperationalError: no such table: api_courierdelivery

The above exception was the direct cause of the following exception:

Traceback (most recent call last):
  File "C:\Users\User\Desktop\warehouse-dashboard\backend\.venv\lib\site-packages\django\core\handlers\exception.py", line 55, in inner
    response = get_response(request)
  File "C:\Users\User\Desktop\warehouse-dashboard\backend\.venv\lib\site-packages\django\core\handlers\base.py", line 197, in _get_response
    response = wrapped_callback(request, *callback_args, **callback_kwargs)
  File "C:\Users\User\Desktop\warehouse-dashboard\backend\.venv\lib\site-packages\django\views\decorators\csrf.py", line 65, in _view_wrapper
    return view_func(request, *args, **kwargs)
  File "C:\Users\User\Desktop\warehouse-dashboard\backend\.venv\lib\site-packages\rest_framework\viewsets.py", line 125, in view
    return self.dispatch(request, *args, **kwargs)
  File "C:\Users\User\Desktop\warehouse-dashboard\backend\.venv\lib\site-packages\rest_framework\views.py", line 515, in dispatch
    response = self.handle_exception(exc)
  File "C:\Users\User\Desktop\warehouse-dashboard\backend\.venv\lib\site-packages\rest_framework\views.py", line 475, in handle_exception
    self.raise_uncaught_exception(exc)
  File "C:\Users\User\Desktop\warehouse-dashboard\backend\.venv\lib\site-packages\rest_framework\views.py", line 486, in raise_uncaught_exception
    raise exc
  File "C:\Users\User\Desktop\warehouse-dashboard\backend\.venv\lib\site-packages\rest_framework\views.py", line 512, in dispatch
    response = handler(request, *args, **kwargs)
  File "C:\Users\User\Desktop\warehouse-dashboard\backend\.venv\lib\site-packages\rest_framework\mixins.py", line 46, in list
    return Response(serializer.data)
  File "C:\Users\User\Desktop\warehouse-dashboard\backend\.venv\lib\site-packages\rest_framework\serializers.py", line 809, in data
    ret = super().data
  File "C:\Users\User\Desktop\warehouse-dashboard\backend\.venv\lib\site-packages\rest_framework\serializers.py", line 251, in data
    self._data = self.to_representation(self.instance)
  File "C:\Users\User\Desktop\warehouse-dashboard\backend\.venv\lib\site-packages\rest_framework\serializers.py", line 727, in to_representation
    return [
  File "C:\Users\User\Desktop\warehouse-dashboard\backend\.venv\lib\site-packages\django\db\models\query.py", line 386, in __iter__
    self._fetch_all()
  File "C:\Users\User\Desktop\warehouse-dashboard\backend\.venv\lib\site-packages\django\db\models\query.py", line 1954, in _fetch_all
    self._result_cache = list(self._iterable_class(self))
  File "C:\Users\User\Desktop\warehouse-dashboard\backend\.venv\lib\site-packages\django\db\models\query.py", line 93, in __iter__
    results = compiler.execute_sql(
  File "C:\Users\User\Desktop\warehouse-dashboard\backend\.venv\lib\site-packages\django\db\models\sql\compiler.py", line 1623, in execute_sql
    cursor.execute(sql, params)
  File "C:\Users\User\Desktop\warehouse-dashboard\backend\.venv\lib\site-packages\django\db\backends\utils.py", line 122, in execute
    return super().execute(sql, params)
  File "C:\Users\User\Desktop\warehouse-dashboard\backend\.venv\lib\site-packages\django\db\backends\utils.py", line 79, in execute
    return self._execute_with_wrappers(
  File "C:\Users\User\Desktop\warehouse-dashboard\backend\.venv\lib\site-packages\django\db\backends\utils.py", line 92, in _execute_with_wrappers
    return executor(sql, params, many, context)
  File "C:\Users\User\Desktop\warehouse-dashboard\backend\.venv\lib\site-packages\django\db\backends\utils.py", line 100, in _execute
    with self.db.wrap_database_errors:
  File "C:\Users\User\Desktop\warehouse-dashboard\backend\.venv\lib\site-packages\django\db\utils.py", line 91, in __exit__
    raise dj_exc_value.with_traceback(traceback) from exc_value
  File "C:\Users\User\Desktop\warehouse-dashboard\backend\.venv\lib\site-packages\django\db\backends\utils.py", line 105, in _execute
    return self.cursor.execute(sql, params)
  File "C:\Users\User\Desktop\warehouse-dashboard\backend\.venv\lib\site-packages\django\db\backends\sqlite3\base.py", line 360, in execute
    return super().execute(query, params)
django.db.utils.OperationalError: no such table: api_courierdelivery
[2026-06-04 20:08:29,802] ERROR django.server: "GET /api/tasks/ HTTP/1.1" 500 170521
[2026-06-04 20:08:29,804] ERROR django.server: "GET /api/day-notes/ HTTP/1.1" 500 167937
[2026-06-04 20:08:29,807] ERROR django.server: "GET /api/deliveries/ HTTP/1.1" 500 176746
[2026-06-04 20:12:25,597] INFO api.apps: Warehouse dashboard API initialized
[2026-06-04 20:12:34,146] INFO api.apps: Warehouse dashboard API initialized
[2026-06-04 20:12:45,049] INFO api.apps: Warehouse dashboard API initialized
[2026-06-04 20:12:49,177] INFO api.apps: Warehouse dashboard API initialized
[2026-06-04 20:13:15,223] INFO api.apps: Warehouse dashboard API initialized
[2026-06-04 20:13:15,670] INFO api.apps: Warehouse dashboard API initialized
[2026-06-04 20:13:15,692] INFO django.utils.autoreload: Watching for file changes with StatReloader
[2026-06-04 20:13:24,982] INFO django.server: "GET /api/day-notes/ HTTP/1.1" 200 2
[2026-06-04 20:13:24,982] INFO django.server: "GET /api/tasks/ HTTP/1.1" 200 2
[2026-06-04 20:13:24,982] INFO django.server: "GET /api/deliveries/ HTTP/1.1" 200 2
[2026-06-04 20:13:24,992] INFO django.server: "GET /api/deliveries/ HTTP/1.1" 200 2
[2026-06-04 20:13:24,992] INFO django.server: "GET /api/day-notes/ HTTP/1.1" 200 2
[2026-06-04 20:13:24,993] INFO django.server: "GET /api/tasks/ HTTP/1.1" 200 2
[2026-06-04 20:13:25,679] INFO django.server: "GET /api/tasks/ HTTP/1.1" 200 2
[2026-06-04 20:13:25,689] INFO django.server: "GET /api/deliveries/ HTTP/1.1" 200 2
[2026-06-04 20:13:25,689] INFO django.server: "GET /api/day-notes/ HTTP/1.1" 200 2
[2026-06-04 20:13:25,689] INFO django.server: "GET /api/tasks/ HTTP/1.1" 200 2
[2026-06-04 20:13:25,700] INFO django.server: "GET /api/deliveries/ HTTP/1.1" 200 2
[2026-06-04 20:13:25,700] INFO django.server: "GET /api/day-notes/ HTTP/1.1" 200 2
[2026-06-04 20:13:28,657] INFO django.server: "GET /api/onec-events/?own_lab=1&page=1&page_size=50 HTTP/1.1" 200 92
[2026-06-04 20:13:28,660] INFO django.server: "GET /api/onec-events/?own_lab=1&page=1&page_size=50 HTTP/1.1" 200 92
[2026-06-04 20:13:28,888] INFO django.server: "GET /api/onec-events/stats/ HTTP/1.1" 200 861
[2026-06-04 20:13:28,888] INFO django.server: "GET /api/onec-events/vitrines/?load_period=current_week&employee_status=accepted_warehouse&employee_period=last_7&movement_period=last_7&counterparty_period=last_30&counterparty_status=both HTTP/1.1" 200 7460
[2026-06-04 20:13:28,893] INFO django.server: "GET /api/onec-events/stats/ HTTP/1.1" 200 861
[2026-06-04 20:13:28,896] INFO django.server: "GET /api/onec-events/vitrines/?load_period=current_week&employee_status=accepted_warehouse&employee_period=last_7&movement_period=last_7&counterparty_period=last_30&counterparty_status=both HTTP/1.1" 200 7460
[2026-06-04 20:13:51,403] INFO api.onec_services: 1C import completed: batch=1 created=763 duplicates=0 invalid=0
[2026-06-04 20:13:51,410] INFO django.server: "POST /api/onec-imports/upload/ HTTP/1.1" 201 439
[2026-06-04 20:13:51,443] INFO django.server: "GET /api/onec-events/?own_lab=1&page=1&page_size=50 HTTP/1.1" 200 48424
[2026-06-04 20:13:51,453] INFO django.server: "GET /api/onec-events/stats/ HTTP/1.1" 200 983
[2026-06-04 20:13:51,459] INFO django.server: "GET /api/onec-events/vitrines/?load_period=current_week&employee_status=accepted_warehouse&employee_period=last_7&movement_period=last_7&counterparty_period=last_30&counterparty_status=both HTTP/1.1" 200 13490
[2026-06-04 20:14:58,208] INFO django.server: "GET /api/onec-events/?own_lab=1&page=1&page_size=50 HTTP/1.1" 200 48424
[2026-06-04 20:14:58,215] INFO django.server: "GET /api/onec-events/stats/ HTTP/1.1" 200 983
[2026-06-04 20:14:58,226] INFO django.server: "GET /api/onec-events/vitrines/?load_period=current_week&employee_status=accepted_warehouse&employee_period=last_7&movement_period=last_7&counterparty_period=last_30&counterparty_status=both HTTP/1.1" 200 13490
[2026-06-04 20:19:06,052] INFO api.apps: Warehouse dashboard API initialized
[2026-06-04 20:19:06,753] INFO api.apps: Warehouse dashboard API initialized
[2026-06-04 20:19:07,240] INFO api.apps: Warehouse dashboard API initialized
[2026-06-04 20:19:07,266] INFO django.utils.autoreload: Watching for file changes with StatReloader
[2026-06-04 20:19:08,822] INFO django.server: "GET /api/deliveries/ HTTP/1.1" 200 2
[2026-06-04 20:19:08,822] INFO django.server: "GET /api/tasks/ HTTP/1.1" 200 2
[2026-06-04 20:19:08,823] INFO django.server: "GET /api/day-notes/ HTTP/1.1" 200 2
[2026-06-04 20:19:08,832] INFO django.server: "GET /api/deliveries/ HTTP/1.1" 200 2
[2026-06-04 20:19:08,832] INFO django.server: "GET /api/day-notes/ HTTP/1.1" 200 2
[2026-06-04 20:19:08,833] INFO django.server: "GET /api/tasks/ HTTP/1.1" 200 2
[2026-06-04 20:19:09,691] INFO django.server: "GET /api/tasks/ HTTP/1.1" 200 2
[2026-06-04 20:19:09,695] INFO django.server: "GET /api/deliveries/ HTTP/1.1" 200 2
[2026-06-04 20:19:09,706] INFO django.server: "GET /api/day-notes/ HTTP/1.1" 200 2
[2026-06-04 20:19:09,708] INFO django.server: "GET /api/tasks/ HTTP/1.1" 200 2
[2026-06-04 20:19:09,710] INFO django.server: "GET /api/day-notes/ HTTP/1.1" 200 2
[2026-06-04 20:19:09,712] INFO django.server: "GET /api/deliveries/ HTTP/1.1" 200 2
[2026-06-04 20:19:11,947] INFO django.server: "GET /api/onec-events/?own_lab=1&page=1&page_size=50 HTTP/1.1" 200 48424
[2026-06-04 20:19:11,968] INFO django.server: "GET /api/onec-events/?own_lab=1&page=1&page_size=50 HTTP/1.1" 200 48424
[2026-06-04 20:19:12,189] INFO django.server: "GET /api/onec-events/stats/ HTTP/1.1" 200 3132
[2026-06-04 20:19:12,199] INFO django.server: "GET /api/onec-events/vitrines/?load_period=current_week&employee_status=accepted_warehouse&employee_period=last_7&movement_period=last_7&counterparty_period=last_30&counterparty_status=both HTTP/1.1" 200 13490
[2026-06-04 20:19:12,208] INFO django.server: "GET /api/onec-events/stats/ HTTP/1.1" 200 3132
[2026-06-04 20:19:12,218] INFO django.server: "GET /api/onec-events/vitrines/?load_period=current_week&employee_status=accepted_warehouse&employee_period=last_7&movement_period=last_7&counterparty_period=last_30&counterparty_status=both HTTP/1.1" 200 13490
[2026-06-04 20:26:41,734] INFO django.server: "GET /api/tasks/ HTTP/1.1" 200 2
[2026-06-04 20:26:41,741] INFO django.server: "GET /api/deliveries/ HTTP/1.1" 200 2
[2026-06-04 20:26:41,745] INFO django.server: "GET /api/day-notes/ HTTP/1.1" 200 2
[2026-06-04 20:26:41,745] INFO django.server: "GET /api/tasks/ HTTP/1.1" 200 2
[2026-06-04 20:26:41,749] INFO django.server: "GET /api/deliveries/ HTTP/1.1" 200 2
[2026-06-04 20:26:41,751] INFO django.server: "GET /api/day-notes/ HTTP/1.1" 200 2
[2026-06-04 20:26:43,037] INFO django.server: "GET /api/onec-events/?own_lab=1&page=1&page_size=50 HTTP/1.1" 200 48424
[2026-06-04 20:26:43,063] INFO django.server: "GET /api/onec-events/stats/ HTTP/1.1" 200 3132
[2026-06-04 20:26:43,063] INFO django.server: "GET /api/onec-events/?own_lab=1&page=1&page_size=50 HTTP/1.1" 200 48424
[2026-06-04 20:26:43,069] INFO django.server: "GET /api/onec-events/vitrines/?load_period=current_week&employee_status=accepted_warehouse&employee_period=last_7&movement_period=last_7&counterparty_period=last_30&counterparty_status=both HTTP/1.1" 200 13490
[2026-06-04 20:26:43,081] INFO django.server: "GET /api/onec-events/stats/ HTTP/1.1" 200 3132
[2026-06-04 20:26:43,092] INFO django.server: "GET /api/onec-events/vitrines/?load_period=current_week&employee_status=accepted_warehouse&employee_period=last_7&movement_period=last_7&counterparty_period=last_30&counterparty_status=both HTTP/1.1" 200 13490
[2026-06-04 20:30:09,799] INFO django.server: "OPTIONS /api/onec-events/vitrines/?load_period=current_week&employee_status=accepted_warehouse&employee_period=last_7&movement_period=last_30&counterparty_period=last_30&counterparty_status=both HTTP/1.1" 200 0
[2026-06-04 20:30:09,809] INFO django.server: "GET /api/onec-events/stats/ HTTP/1.1" 200 3132
[2026-06-04 20:30:09,825] INFO django.server: "GET /api/onec-events/?own_lab=1&page=1&page_size=50 HTTP/1.1" 200 48424
[2026-06-04 20:30:09,835] INFO django.server: "GET /api/onec-events/vitrines/?load_period=current_week&employee_status=accepted_warehouse&employee_period=last_7&movement_period=last_30&counterparty_period=last_30&counterparty_status=both HTTP/1.1" 200 17542
[2026-06-04 20:30:13,802] INFO django.server: "GET /api/onec-events/?own_lab=1&page=1&page_size=50 HTTP/1.1" 200 48424
[2026-06-04 20:30:13,813] INFO django.server: "GET /api/onec-events/stats/ HTTP/1.1" 200 3132
[2026-06-04 20:30:13,817] INFO django.server: "GET /api/onec-events/vitrines/?load_period=current_week&employee_status=accepted_warehouse&employee_period=last_7&movement_period=last_7&counterparty_period=last_30&counterparty_status=both HTTP/1.1" 200 13490
[2026-06-04 20:30:27,629] INFO django.server: "OPTIONS /api/onec-events/vitrines/?load_period=current_week&employee_status=accepted_warehouse&employee_period=last_7&movement_period=last_7&counterparty_period=current_year&counterparty_status=both HTTP/1.1" 200 0
[2026-06-04 20:30:27,639] INFO django.server: "GET /api/onec-events/stats/ HTTP/1.1" 200 3132
[2026-06-04 20:30:27,651] INFO django.server: "GET /api/onec-events/?own_lab=1&page=1&page_size=50 HTTP/1.1" 200 48424
[2026-06-04 20:30:27,663] INFO django.server: "GET /api/onec-events/vitrines/?load_period=current_week&employee_status=accepted_warehouse&employee_period=last_7&movement_period=last_7&counterparty_period=current_year&counterparty_status=both HTTP/1.1" 200 24486
[2026-06-04 20:30:28,543] INFO django.server: "GET /api/onec-events/?own_lab=1&page=1&page_size=50 HTTP/1.1" 200 48424
[2026-06-04 20:30:28,555] INFO django.server: "GET /api/onec-events/stats/ HTTP/1.1" 200 3132
[2026-06-04 20:30:28,560] INFO django.server: "GET /api/onec-events/vitrines/?load_period=current_week&employee_status=accepted_warehouse&employee_period=last_7&movement_period=last_7&counterparty_period=current_year&counterparty_status=both HTTP/1.1" 200 24486
[2026-06-04 20:30:47,514] INFO django.server: "OPTIONS /api/onec-events/vitrines/?load_period=current_week&employee_status=accepted_warehouse&employee_period=last_7&movement_period=last_7&counterparty=%D0%94%D0%A0%D0%A1%D0%9A+%D0%90%D0%9E&counterparty_period=current_year&counterparty_status=both HTTP/1.1" 200 0
[2026-06-04 20:30:47,524] INFO django.server: "GET /api/onec-events/stats/ HTTP/1.1" 200 3132
[2026-06-04 20:30:47,538] INFO django.server: "GET /api/onec-events/?own_lab=1&page=1&page_size=50 HTTP/1.1" 200 48424
[2026-06-04 20:30:47,551] INFO django.server: "GET /api/onec-events/vitrines/?load_period=current_week&employee_status=accepted_warehouse&employee_period=last_7&movement_period=last_7&counterparty=%D0%94%D0%A0%D0%A1%D0%9A+%D0%90%D0%9E&counterparty_period=current_year&counterparty_status=both HTTP/1.1" 200 24496
[2026-06-04 20:31:00,508] INFO django.server: "OPTIONS /api/onec-events/vitrines/?load_period=last_30&employee_status=accepted_warehouse&employee_period=last_7&movement_period=last_7&counterparty=%D0%94%D0%A0%D0%A1%D0%9A+%D0%90%D0%9E&counterparty_period=current_year&counterparty_status=both HTTP/1.1" 200 0
[2026-06-04 20:31:00,517] INFO django.server: "GET /api/onec-events/stats/ HTTP/1.1" 200 3132
[2026-06-04 20:31:00,531] INFO django.server: "GET /api/onec-events/?own_lab=1&page=1&page_size=50 HTTP/1.1" 200 48424
[2026-06-04 20:31:00,544] INFO django.server: "GET /api/onec-events/vitrines/?load_period=last_30&employee_status=accepted_warehouse&employee_period=last_7&movement_period=last_7&counterparty=%D0%94%D0%A0%D0%A1%D0%9A+%D0%90%D0%9E&counterparty_period=current_year&counterparty_status=both HTTP/1.1" 200 26587
[2026-06-04 20:31:07,757] INFO django.server: "GET /api/onec-events/?own_lab=1&page=1&page_size=50 HTTP/1.1" 200 48424
[2026-06-04 20:31:07,764] INFO django.server: "GET /api/onec-events/stats/ HTTP/1.1" 200 3132
[2026-06-04 20:31:07,779] INFO django.server: "GET /api/onec-events/vitrines/?load_period=current_week&employee_status=accepted_warehouse&employee_period=last_7&movement_period=last_7&counterparty=%D0%94%D0%A0%D0%A1%D0%9A+%D0%90%D0%9E&counterparty_period=current_year&counterparty_status=both HTTP/1.1" 200 24496
[2026-06-04 20:32:21,418] INFO django.server: "GET /api/tasks/ HTTP/1.1" 200 2
[2026-06-04 20:32:21,419] INFO django.server: "GET /api/deliveries/ HTTP/1.1" 200 2
[2026-06-04 20:32:21,419] INFO django.server: "GET /api/day-notes/ HTTP/1.1" 200 2
[2026-06-04 20:32:21,428] INFO django.server: "GET /api/tasks/ HTTP/1.1" 200 2
[2026-06-04 20:32:21,428] INFO django.server: "GET /api/deliveries/ HTTP/1.1" 200 2
[2026-06-04 20:32:21,429] INFO django.server: "GET /api/day-notes/ HTTP/1.1" 200 2
[2026-06-04 20:32:22,716] INFO django.server: "GET /api/onec-events/?own_lab=1&page=1&page_size=50 HTTP/1.1" 200 48424
[2026-06-04 20:32:22,730] INFO django.server: "GET /api/onec-events/stats/ HTTP/1.1" 200 3132
[2026-06-04 20:32:22,742] INFO django.server: "GET /api/onec-events/?own_lab=1&page=1&page_size=50 HTTP/1.1" 200 48424
[2026-06-04 20:32:22,751] INFO django.server: "GET /api/onec-events/stats/ HTTP/1.1" 200 3132
[2026-06-04 20:32:22,765] INFO django.server: "GET /api/onec-events/vitrines/?load_period=current_week&employee_status=accepted_warehouse&employee_period=last_7&movement_period=last_7&counterparty_period=last_30&counterparty_status=both HTTP/1.1" 200 13490
[2026-06-04 20:32:22,779] INFO django.server: "GET /api/onec-events/vitrines/?load_period=current_week&employee_status=accepted_warehouse&employee_period=last_7&movement_period=last_7&counterparty_period=last_30&counterparty_status=both HTTP/1.1" 200 13490
[2026-06-04 20:42:01,787] INFO api.apps: Warehouse dashboard API initialized
[2026-06-04 20:42:02,509] INFO api.apps: Warehouse dashboard API initialized
[2026-06-04 20:42:03,085] INFO api.apps: Warehouse dashboard API initialized
[2026-06-04 20:42:03,125] INFO django.utils.autoreload: Watching for file changes with StatReloader
[2026-06-04 20:42:03,379] INFO django.server: "GET /api/tasks/ HTTP/1.1" 200 2
[2026-06-04 20:42:03,380] INFO django.server: "GET /api/day-notes/ HTTP/1.1" 200 2
[2026-06-04 20:42:03,382] INFO django.server: "GET /api/deliveries/ HTTP/1.1" 200 2
[2026-06-04 20:42:03,388] INFO django.server: "GET /api/day-notes/ HTTP/1.1" 200 2
[2026-06-04 20:42:03,388] INFO django.server: "GET /api/tasks/ HTTP/1.1" 200 2
[2026-06-04 20:42:03,389] INFO django.server: "GET /api/deliveries/ HTTP/1.1" 200 2
[2026-06-04 20:44:17,640] INFO django.server: "GET /api/onec-events/?own_lab=1&page=1&page_size=50 HTTP/1.1" 200 48424
[2026-06-04 20:44:17,660] INFO django.server: "GET /api/onec-events/?own_lab=1&page=1&page_size=50 HTTP/1.1" 200 48424
[2026-06-04 20:44:17,933] INFO django.server: "GET /api/onec-events/stats/ HTTP/1.1" 200 3132
[2026-06-04 20:44:17,939] INFO django.server: "GET /api/onec-events/vitrines/?load_period=current_week&employee_status=accepted_warehouse&employee_period=last_7&movement_period=last_7&counterparty_period=last_30&counterparty_status=both HTTP/1.1" 200 13490
[2026-06-04 20:44:17,948] INFO django.server: "GET /api/onec-events/stats/ HTTP/1.1" 200 3132
[2026-06-04 20:44:17,959] INFO django.server: "GET /api/onec-events/vitrines/?load_period=current_week&employee_status=accepted_warehouse&employee_period=last_7&movement_period=last_7&counterparty_period=last_30&counterparty_status=both HTTP/1.1" 200 13490
[2026-06-04 20:50:14,733] INFO django.server: "GET /api/tasks/ HTTP/1.1" 200 2
[2026-06-04 20:50:14,735] INFO django.server: "GET /api/day-notes/ HTTP/1.1" 200 2
[2026-06-04 20:50:14,735] INFO django.server: "GET /api/deliveries/ HTTP/1.1" 200 2
[2026-06-04 20:50:14,741] INFO django.server: "GET /api/tasks/ HTTP/1.1" 200 2
[2026-06-04 20:50:14,742] INFO django.server: "GET /api/deliveries/ HTTP/1.1" 200 2
[2026-06-04 20:50:14,743] INFO django.server: "GET /api/day-notes/ HTTP/1.1" 200 2
[2026-06-04 20:53:01,456] INFO django.server: "GET /api/day-notes/ HTTP/1.1" 200 2
[2026-06-04 20:53:01,456] INFO django.server: "GET /api/tasks/ HTTP/1.1" 200 2
[2026-06-04 20:53:01,456] INFO django.server: "GET /api/deliveries/ HTTP/1.1" 200 2
[2026-06-04 20:53:01,463] INFO django.server: "GET /api/day-notes/ HTTP/1.1" 200 2
[2026-06-04 20:53:01,463] INFO django.server: "GET /api/deliveries/ HTTP/1.1" 200 2
[2026-06-04 20:53:01,463] INFO django.server: "GET /api/tasks/ HTTP/1.1" 200 2
[2026-06-04 20:56:20,279] INFO django.server: "GET /api/deliveries/ HTTP/1.1" 200 2
[2026-06-04 20:56:20,279] INFO django.server: "GET /api/tasks/ HTTP/1.1" 200 2
[2026-06-04 20:56:20,282] INFO django.server: "GET /api/day-notes/ HTTP/1.1" 200 2
[2026-06-04 20:56:20,285] INFO django.server: "GET /api/tasks/ HTTP/1.1" 200 2
[2026-06-04 20:56:20,286] INFO django.server: "GET /api/deliveries/ HTTP/1.1" 200 2
[2026-06-04 20:56:20,286] INFO django.server: "GET /api/day-notes/ HTTP/1.1" 200 2
[2026-06-04 21:00:29,592] INFO django.server: "GET /api/onec-events/?own_lab=1&page=1&page_size=50 HTTP/1.1" 200 48424
[2026-06-04 21:00:29,603] INFO django.server: "GET /api/onec-events/stats/ HTTP/1.1" 200 3132
[2026-06-04 21:00:29,626] INFO django.server: "GET /api/onec-events/?own_lab=1&page=1&page_size=50 HTTP/1.1" 200 48424
[2026-06-04 21:00:29,626] INFO django.server: "GET /api/onec-events/vitrines/?load_period=current_week&employee_status=accepted_warehouse&employee_period=last_7&movement_period=last_7&counterparty_period=last_30&counterparty_status=both HTTP/1.1" 200 13490
[2026-06-04 21:00:29,636] INFO django.server: "GET /api/onec-events/stats/ HTTP/1.1" 200 3132
[2026-06-04 21:00:29,649] INFO django.server: "GET /api/onec-events/vitrines/?load_period=current_week&employee_status=accepted_warehouse&employee_period=last_7&movement_period=last_7&counterparty_period=last_30&counterparty_status=both HTTP/1.1" 200 13490
[2026-06-04 21:00:49,691] INFO django.server: "OPTIONS /api/onec-events/?own_lab=0&page=1&page_size=50 HTTP/1.1" 200 0
[2026-06-04 21:00:49,709] INFO django.server: "GET /api/onec-events/stats/ HTTP/1.1" 200 3132
[2026-06-04 21:00:49,716] INFO django.server: "GET /api/onec-events/vitrines/?load_period=current_week&employee_status=accepted_warehouse&employee_period=last_7&movement_period=last_7&counterparty_period=last_30&counterparty_status=both HTTP/1.1" 200 13490
[2026-06-04 21:00:49,719] INFO django.server: "GET /api/onec-events/?own_lab=0&page=1&page_size=50 HTTP/1.1" 200 4576
